Workbook

Sheet 实验完成情况2024-9
A1: 日期 | B1: 盒子里面位置 | C1: ID | D1: 存放位置 | F1: 已完成测序的样本 | K1: 三批样本的汇总在一起的完成情况（已完成实验，不确定是否都测序） | V1: 第一批样本的实际实验（加了T4PNK进行实验） | AB1: 第一批样本的实际实验（未加T4PNK） | AH1: 第一批样本的实际实验（未加T4PNK） | AO1: 第二批样本的实际实验（未加T4PNK） | AU1: 第三批样本的实际实验 （未加T4PNK）
A2: 2022年11月 | B2: A1 | C2: BF0002028E3 | D2: 4号冰箱#1-1-2-1 | F2: GDM20220907-V_AGCGTAGC | G2: G1127 | H2: HC-124-E3 | I2: TRUE | K2: G1127 | L2: HC-124-E3 | M2: 4号冰箱4-5-5-4 E6 | N2: S25 | O2: G1127 | V2: G1127 | W2: HC-124-E3 | X2: 4号冰箱4-5-5-4 E6 | Y2: S25 | AB2: G1353 | AC2: BF0001798 | AD2: #4号冰箱 4-5-5-2 H4 | AE2: S25 | AH2: G4764BX | AI2: HC-311-E3 | AJ2: 4号冰箱4-5-4-1号盒 | AK2: F9 | AL2: s41 | AO2: G2783 | AP2: BF0002028E3 | AQ2: A1 | AR2: S25 | AU2: G4911 | AV2: bf0004263e4 | AW2: I3 | AX2: #4号冰箱1-2-4-2 | AY2: s41
A3: 2022年11月 | B3: A2 | C3: SVC001522E5 | D3: 4号冰箱#1-1-2-1 | F3: GDM20220907-V_AGGAGTCC | G3: G1132 | H3: BF0001157 | I3: TRUE | K3: G1128 | L3: HC-119-E3 | O3: G1128 | V3: G1128 | W3: HC-119-E3 | AB3: G1354 | AC3: BF0002584 | AH3: G4765BX | AI3: HC-274-E3 | AK3: D3 | AL3: s43 | AO3: G2784 | AP3: SVC001522E5 | AU3: G4912 | AV3: bf0000612e1 | AW3: G8 | AY3: s43
A4: 2022年11月 | B4: A3 | C4: BF0004044E2 | D4: 4号冰箱#1-1-2-1 | F4: GDM20220907-V_CATGCCTA | G4: G1133 | H4: HC-196-E3 | I4: TRUE | K4: G1129 | L4: BF0001169 | M4: 4号冰箱4-5-5-3 G6 | N4: s39 | O4: G1129 | V4: G1129 | W4: BF0001169 | X4: 4号冰箱4-5-5-3 G6 | Y4: s39 | AB4: G1355 | AC4: BF0002480 | AD4: #4号冰箱 4-5-5-2 G4 | AE4: s39 | AH4: G4766BX | AI4: HC-72-E3 | AK4: D5 | AL4: s45 | AO4: G2785 | AP4: BF0004044E2 | AQ4: A3 | AR4: s39 | AU4: G4913 | AV4: bf0000522e2 | AW4: B1 | AY4: s45
A5: 2022年11月 | B5: A4 | C5: BF000001097E3 | D5: 4号冰箱#1-1-2-1 | F5: GDM20220907-V_CTAGTACG | G5: G1129 | H5: BF0001169 | I5: TRUE | K5: G1130 | L5: BF0001696 | M5: 4号冰箱4-5-5-3 F2 | N5: s41 | O5: G1130 | V5: G1130 | W5: BF0001696 | X5: 4号冰箱4-5-5-3 F2 | Y5: s41 | AB5: G1356 | AC5: BF0003027 | AD5: #4号冰箱 4-5-5-2 E5 | AE5: s41 | AH5: G4767BX | AI5: HC-347-E3 | AK5: C7 | AL5: s47 | AO5: G2786 | AP5: BF000001097E3 | AQ5: A4 | AR5: s41 | AU5: G4914 | AV5: bf0000569e1 | AW5: E5 | AY5: s47
A6: 2022年11月 | B6: A5 | C6: PA001658E2 | D6: 4号冰箱#1-1-2-1 | F6: GDM20220907-V_GCTCAGGA | G6: G1131 | H6: BF0001380 | I6: TRUE | K6: G1131 | L6: BF0001380 | M6: 4号冰箱4-5-4-2 E9 | N6: s43 | O6: G1131 | V6: G1131 | W6: BF0001380 | X6: 4号冰箱4-5-4-2 E9 | Y6: s43 | AB6: G1357 | AC6: BF0002300 | AD6: #4号冰箱 4-5-5-2 F6 | AE6: s43 | AH6: G4768BX | AI6: HC-275-E3 | AK6: C3 | AL6: S88 | AO6: G2787 | AP6: PA001658E2 | AQ6: A5 | AR6: s43 | AU6: G4915 | AV6: bf0000706e1 | AW6: D3 | AY6: S88
A7: 2022年11月 | B7: A6 | C7: BF00000633E1 | D7: 4号冰箱#1-1-2-1 | F7: GDM20220907-V_GTAGAGAG | G7: G1134 | H7: HC-288-E3 | I7: TRUE | K7: G1132 | L7: BF0001157 | M7: 4号冰箱4-5-4-2 G2 | N7: s45 | O7: G1132 | V7: G1132 | W7: BF0001157 | X7: 4号冰箱4-5-4-2 G2 | Y7: s45 | AB7: G1358 | AC7: BF0003114 | AD7: #4号冰箱 4-5-5-2 H3 | AE7: s45 | AH7: G4769BX | AI7: HC-250-E3 | AK7: C8 | AL7: S89 | AO7: G2788 | AP7: BF00000633E1 | AQ7: A6 | AR7: s45 | AU7: G4916 | AV7: bf0002185e3 | AW7: C4 | AY7: S89
A8: 2022年11月 | B8: A7 | C8: SVC002561E2 | D8: 4号冰箱#1-1-2-1 | F8: GDM20220907-V_TCGCCTTA | G8: G1128 | H8: HC-119-E3 | I8: TRUE | K8: G1133 | L8: HC-196-E3 | M8: 4号冰箱 4-5-4-4 D6 | N8: s47 | O8: G1133 | V8: G1133 | W8: HC-196-E3 | X8: 4号冰箱 4-5-4-4 D6 | Y8: s47 | AB8: G1359 | AC8: BF0001145 | AD8: #4号冰箱 4-5-5-2 F4 | AE8: s47 | AH8: G4770BX | AI8: BF0000740 | AK8: A9 | AL8: S90 | AO8: G2789 | AP8: SVC002561E2 | AQ8: A7 | AR8: s47 | AU8: G4917 | AV8: bf0001717e1 | AW8: G2 | AY8: S90
A9: 2022年11月 | B9: A8 | C9: BF00001125E2 | D9: 4号冰箱#1-1-2-1 | F9: GDM20220907-V_TTCTGCCT | G9: G1130 | H9: BF0001696 | I9: TRUE | K9: G1134 | L9: HC-288-E3 | M9: 4号冰箱 4-5-4-4 C5 | N9: s49 | O9: G1134 | V9: G1134 | W9: HC-288-E3 | X9: 4号冰箱 4-5-4-4 C5 | Y9: s49 | AB9: G1360 | AC9: B956 | AD9: #4号冰箱 4-5-5-2 G8 | AE9: s49 | AH9: G4771BX | AI9: BF0000703 | AK9: A7 | AL9: S91 | AO9: G2790 | AP9: BF00001125E2 | AQ9: A8 | AR9: s49 | AU9: G4918 | AV9: bf0001937e3 | AW9: E3 | AY9: S91
A10: 2022年11月 | B10: A9 | C10: BF0003212E3 | D10: 4号冰箱#1-1-2-1 | F10: GDM20220909-I_ACTGCATA | G10: G1139 | H10: BF0004570 | I10: TRUE | K10: G1135 | L10: BF0000594 | M10: 4号冰箱 4-5-4-2 G5 | N10: S88 | O10: G1135 | V10: G1135 | W10: BF0000594 | X10: 4号冰箱 4-5-4-2 G5 | Y10: S88 | AB10: G1361 | AC10: HC-75-E3 | AD10: #4号冰箱 4-5-5-4 F1 | AE10: S88 | AH10: G4772BX | AI10: BF0002092 | AJ10: 4号冰箱4-5-4-2号盒 | AK10: A8 | AL10: S92 | AO10: G2791 | AP10: BF0003212E3 | AQ10: A9 | AR10: S88 | AU10: G4919 | AV10: bf0001934e3 | AW10: A5 | AY10: S92
A11: 2022年11月 | B11: B1 | C11: BF0007603E1 | D11: 4号冰箱#1-1-2-1 | F11: GDM20220909-I_AGAGTAGA | G11: G1146 | H11: BF0000966 | I11: TRUE | K11: G1136 | L11: BF0002173 | M11: 4号冰箱 4-5-4-2 E7 | N11: S89 | O11: G1136 | V11: G1136 | W11: BF0002173 | X11: 4号冰箱 4-5-4-2 E7 | Y11: S89 | AB11: G1362 | AC11: HC-131-E3 | AD11: #4号冰箱 4-5-5-4 F5 | AE11: S89 | AH11: G4773BX | AI11: HC-71-E3 | AK11: E3 | AL11: S94 | AO11: G2792 | AP11: BF0007603E1 | AQ11: B1 | AR11: S89 | AU11: G4920 | AV11: bf0002315e1 | AW11: B7 | AY11: S94
A12: 2022年11月 | B12: B2 | C12: BF0005083E4 | D12: 4号冰箱#1-1-2-1 | F12: GDM20220909-I_CAGCCTCG | G12: G1136 | H12: BF0002173 | I12: TRUE | K12: G1137 | L12: SVC1686 | M12: 4号冰箱 4-5-4-2 G6 | N12: S90 | O12: G1137 | V12: G1137 | W12: SVC1686 | X12: 4号冰箱 4-5-4-2 G6 | Y12: S90 | AB12: G1363 | AC12: HC-171-E3 | AD12: #4号冰箱 4-5-5-4 F9 | AE12: S90 | AH12: G4774BX | AI12: HC-31-E3 | AK12: C8 | AL12: S95 | AO12: G2793 | AP12: BF0005083E4 | AQ12: B2 | AR12: S90 | AU12: G4921 | AV12: bf0002016e2 | AW12: D5 | AY12: S95
A13: 2022年11月 | B13: B3 | C13: PA001572E2 | D13: 4号冰箱#1-1-2-1 | F13: GDM20220909-I_CCTCTCTG | G13: G1135 | H13: BF0000594 | I13: TRUE | K13: G1138 | L13: BF0004044 | M13: 4号冰箱 4-5-4-2 G3 | N13: S91 | O13: G1138 | V13: G1138 | W13: BF0004044 | X13: 4号冰箱 4-5-4-2 G3 | Y13: S91 | AB13: G1364 | AC13: HC-168-E3 | AD13: #4号冰箱 4-5-5-4 F3 | AE13: S91 | AH13: G4775BX | AI13: HC-148-E3 | AK13: D3 | AL13: S96 | AO13: G2794 | AP13: PA001572E2 | AQ13: B3 | AR13: S91 | AU13: G4922 | AV13: bf0003496e2 | AW13: D1 | AY13: S96
A14: 2022年11月 | B14: B4 | C14: SVC001358E2 | D14: 4号冰箱#1-1-2-1 | F14: GDM20220909-I_CTCTCTAT | G14: G1145 | H14: BF0002531 | I14: TRUE | K14: G1139 | L14: BF0004570 | M14: 4号冰箱 4-5-4-2 F9 | N14: S92 | O14: G1139 | V14: G1139 | W14: BF0004570 | X14: 4号冰箱 4-5-4-2 F9 | Y14: S92 | AB14: G1365 | AC14: HC-45-E3 | AD14: #4号冰箱 4-5-5-3 G7 | AE14: S92 | AH14: G4776BX | AI14: BF0005386 | AK14: C6 | AL14: S97 | AO14: G2795 | AP14: SVC001358E2 | AQ14: B4 | AR14: S92 | AU14: G4923 | AV14: bf0000310e1 | AW14: A6 | AY14: S97
A15: 2022年11月 | B15: B5 | C15: B70001790E3 | D15: 4号冰箱#1-1-2-1 | F15: GDM20220909-I_GCGTAAGA | G15: G1143 | H15: BF0002684 | I15: TRUE | K15: G1140 | L15: SVC2232 | M15: 4号冰箱 4-5-4-2 H1 | N15: S93 | O15: G1140 | V15: G1140 | W15: SVC2232 | X15: 4号冰箱 4-5-4-2 H1 | Y15: S93 | AB15: G1366 | AC15: HC-239-E3 | AD15: #4号冰箱 4-5-5-3 H6 | AE15: S93 | AH15: G4777BX | AI15: BF0004371 | AK15: A6 | AL15: S98 | AO15: G2796 | AP15: B70001790E3 | AQ15: B5 | AR15: S93 | AU15: G4924 | AV15: svc002074e3 | AW15: H5 | AY15: S98
A16: 2022年11月 | B16: B6 | C16: SVC001734E2 | D16: 4号冰箱#1-1-2-1 | F16: GDM20220909-I_TAGATCGC | G16: G1144 | H16: BF0003462 | I16: TRUE | K16: G1141 | L16: SVC3319 | M16: 4号冰箱 4-5-4-2 G8 | N16: S94 | O16: G1141 | V16: G1141 | W16: SVC3319 | X16: 4号冰箱 4-5-4-2 G8 | Y16: S94 | AB16: G1367 | AC16: HC-56-E3 | AD16: #4号冰箱 4-5-5-3 I4 | AE16: S94 | AH16: G4778BX | AI16: BF0000115 | AK16: B8 | AL16: S99 | AO16: G2797 | AP16: SVC001734E2 | AQ16: B6 | AR16: S94 | AU16: G4925 | AV16: pa001953e1 | AW16: E2 | AY16: S99
A17: 2022年11月 | B17: B7 | C17: BF0002929E3 | D17: 4号冰箱#1-1-2-1 | F17: GDM20220909-I_TCCTCTAC | G17: G1138 | H17: BF0004044 | I17: TRUE | K17: G1142 | L17: BF0001471 | M17: 4号冰箱 4-5-4-2 E8 | N17: S95 | O17: G1142 | V17: G1142 | W17: BF0001471 | X17: 4号冰箱 4-5-4-2 E8 | Y17: S95 | AB17: G1368 | AC17: HC-184-E3 | AD17: #4号冰箱 4-5-5-3 I6 | AE17: S95 | AH17: G4779BX | AI17: HC-58-E3 | AK17: D2 | AL17: S25 | AO17: G2798 | AP17: BF0002929E3 | AQ17: B7 | AR17: S95 | AU17: G4926 | AV17: pa001973e1 | AW17: F2 | AY17: S25
A18: 2022年11月 | B18: B8 | C18: BF00000459E2 | D18: 4号冰箱#1-1-2-1 | F18: GDM20220909-I_TCTCTCCG | G18: G1142 | H18: BF0001471 | I18: TRUE | K18: G1143 | L18: BF0002684 | M18: 4号冰箱 4-5-4-2 F1 | N18: S96 | O18: G1143 | V18: G1143 | W18: BF0002684 | X18: 4号冰箱 4-5-4-2 F1 | Y18: S96 | AB18: G1369 | AC18: BF0002135 | AD18: #4号冰箱 4-5-5-2 F3 | AE18: S96 | AH18: G4780BX | AI18: HC-48-E3 | AK18: E4 | AL18: S37 | AO18: G2799 | AP18: BF00000459E2 | AQ18: B8 | AR18: S96 | AU18: G4927 | AV18: svc0001370e1 | AW18: G7 | AY18: S37
A19: 2022年11月 | B19: B9 | C19: BF0003334E3 | D19: 4号冰箱#1-1-2-1 | F19: GDM20220909-II_AGCGTAGC | G19: G1147 | H19: BF0002496 | I19: TRUE | K19: G1144 | L19: BF0003462 | M19: 4号冰箱 4-5-4-2 G1 | N19: S97 | O19: G1144 | V19: G1144 | W19: BF0003462 | X19: 4号冰箱 4-5-4-2 G1 | Y19: S97 | AB19: G1370 | AC19: BF0005181 | AD19: #4号冰箱 4-5-5-2 G3 | AE19: S97 | AH19: G4781BX | AI19: HC-141-E3 | AK19: E5 | AL19: s39 | AO19: G2800 | AP19: BF0003334E3 | AQ19: B9 | AR19: S97 | AU19: G4928 | AV19: svc0001381e2 | AW19: D8 | AY19: s39
A20: 2022年11月 | B20: C1 | C20: BF0001995E4 | D20: 4号冰箱#1-1-2-1 | F20: GDM20220909-II_AGGAGTCC | G20: G1152 | H20: BF0001447 | I20: TRUE | K20: G1145 | L20: BF0002531 | M20: 4号冰箱 4-5-4-2 G4 | N20: S98 | O20: G1145 | V20: G1145 | W20: BF0002531 | X20: 4号冰箱 4-5-4-2 G4 | Y20: S98 | AB20: G1371 | AC20: BF0003095 | AD20: #4号冰箱 4-5-5-2 F7 | AE20: S98 | AH20: G4782BX | AI20: HC-237-E3 | AK20: C7 | AL20: s41 | AO20: G2801 | AP20: BF0001995E4 | AQ20: C1 | AR20: S98 | AU20: G4929 | AV20: pa00001414e2 | AW20: G3 | AY20: s41
A21: 2022年11月 | B21: C2 | C21: BF0003671E2 | D21: 4号冰箱#1-1-2-1 | F21: GDM20220909-II_CAGCCTCG | G21: G1156 | H21: BF0003745 | I21: TRUE | K21: G1146 | L21: BF0000966 | M21: 4号冰箱 4-5-4-2 F5 | N21: S99 | O21: G1146 | V21: G1146 | W21: BF0000966 | X21: 4号冰箱 4-5-4-2 F5 | Y21: S99 | AB21: G1372 | AC21: BF0001428 | AD21: #4号冰箱 4-5-5-2 F9 | AE21: S99 | AH21: G4783BX | AI21: HC-127-E3 | AK21: D6 | AL21: s43 | AO21: G2802 | AP21: BF0003671E2 | AQ21: C2 | AR21: S99 | AU21: G4930 | AV21: pa00001427e2 | AW21: G5 | AY21: s43
A22: 2022年11月 | B22: C3 | C22: BF0003467E1 | D22: 4号冰箱#1-1-2-1 | F22: GDM20220909-II_CATGCCTA | G22: G1153 | H22: BF0001710 | I22: TRUE | K22: G1147 | L22: BF0002496 | M22: 4号冰箱 4-5-4-2 F3 | N22: S25 | O22: G1147 | V22: G1147 | W22: BF0002496 | X22: 4号冰箱 4-5-4-2 F3 | Y22: S25 | AB22: G1373 | AC22: BF0002530 | AD22: #4号冰箱 4-5-5-2 G7 | AE22: S25 | AH22: G4784BX | AI22: HC-73-E3 | AK22: E2 | AL22: s45 | AO22: G2803 | AP22: BF0003467E1 | AQ22: C3 | AR22: S25 | AU22: G4931 | AV22: svc0001510e1 | AW22: E8 | AY22: s45
... A26: 2022年11月 | B26: C7 | C26: BF0007125E4 | D26: 4号冰箱#1-1-2-1 | F26: GDM20220909-II_GTAAGGAG | G26: G1157 | H26: BF0007127 | I26: TRUE | K26: G1151 | L26: BF0006690 | M26: 4号冰箱 4-5-4-2 G7 | N26: s43 | O26: G1151 | V26: G1151 | W26: BF0006690 | X26: 4号冰箱 4-5-4-2 G7 | Y26: s43 | AB26: G1377 | AC26: HC-161-E3 | AD26: #4号冰箱 4-5-5-3 H7 | AE26: s43 | AH26: G4788 | AI26: HC-47-E3 | AK26: D8 | AL26: S90 | AO26: G2807 | AP26: BF0007125E4 | AQ26: C7 | AR26: s43 | AU26: G4935 | AV26: bf0003035e4 | AW26: D9 | AY26: S90
A27: 2022年11月 | B27: C8 | C27: PA002450E2 | D27: 4号冰箱#1-1-2-1 | F27: GDM20220909-II_GTAGAGAG | G27: G1154 | H27: BF0003930 | I27: TRUE | K27: G1152 | L27: BF0001447 | M27: 4号冰箱 4-5-4-2 F6 | N27: s45 | O27: G1152 | V27: G1152 | W27: BF0001447 | X27: 4号冰箱 4-5-4-2 F6 | Y27: s45 | AB27: G1378 | AC27: HC-188-E3 | AD27: #4号冰箱 4-5-5-3 H2 | AE27: s45 | AH27: G4789 | AI27: HC-251-E3 | AJ27: 4号冰箱4-5-4-4号盒 | AK27: B7 | AL27: S91 | AO27: G2808 | AP27: PA002450E2 | AQ27: C8 | AR27: s45 | AU27: G4936 | AV27: pa0001583e3 | AW27: A4 | AY27: S91
A28: 2022年11月 | B28: C9 | C28: SVC002254E4 | D28: 4号冰箱#1-1-2-1 | F28: GDM20220909-II_TCCTCTAC | G28: G1158 | H28: BF0007540 | I28: TRUE | K28: G1153 | L28: BF0001710 | M28: 4号冰箱 4-5-4-2 F8 | N28: s47 | O28: G1153 | V28: G1153 | W28: BF0001710 | X28: 4号冰箱 4-5-4-2 F8 | Y28: s47 | AB28: G1379 | AC28: HC-133-E3 | AD28: #4号冰箱 4-5-5-3 I2 | AE28: s47 | AH28: G4790 | AI28: HC-132-E3 | AK28: A1 | AL28: S92 | AO28: G2809 | AP28: SVC002254E4 | AQ28: C9 | AR28: s47 | AU28: G4937 | AV28: pa0001590e2 | AW28: F7 | AY28: S92
A29: 2022年11月 | B29: D1 | C29: BF0005442E5 | D29: 4号冰箱#1-1-2-1 | F29: GDM20220909-II_TCGCCTTA | G29: G1148 | H29: BF0001984 | I29: TRUE | K29: G1154 | L29: BF0003930 | M29: 4号冰箱 4-5-4-2 G9 | N29: s49 | O29: G1154 | V29: G1154 | W29: BF0003930 | X29: 4号冰箱 4-5-4-2 G9 | Y29: s49 | AB29: G1380 | AC29: HC-128-E3 | AD29: #4号冰箱 4-5-5-3 H5 | AE29: s49 | AH29: G4791 | AI29: HC-154-E3 | AK29: A9 | AL29: S94 | AO29: G2810 | AP29: BF0005442E5 | AQ29: D1 | AR29: s49 | AU29: G4938 | AV29: pa001785e2 | AW29: B4 | AY29: S94
A30: 2022年11月 | B30: D2 | C30: SVC00l619E5 | D30: 4号冰箱#1-1-2-1 | F30: GDM20220909-II_TTCTGCCT | G30: G1150 | H30: BF0005083 | I30: TRUE | K30: G1155 | L30: BF0003334 | M30: 4号冰箱 4-5-4-4 G3 | N30: S88 | O30: G1155 | V30: G1155 | W30: BF0003334 | X30: 4号冰箱 4-5-4-4 G3 | Y30: S88 | AB30: G1381 | AC30: HC-330-E3 | AD30: #4号冰箱 4-5-5-3 F7 | AE30: S88 | AH30: G4792 | AI30: HC-226-E3 | AK30: B1 | AL30: S95 | AO30: G2811 | AP30: SVC00l619E5 | AQ30: D2 | AR30: S88 | AU30: G4939 | AV30: bf0001646e4 | AW30: I9 | AY30: S95
A31: 2022年11月 | B31: D3 | C31: BF00001366E2 | D31: 4号冰箱#1-1-2-1 | F31: GDM20220910-I_AGCGTAGC | G31: G1183 | H31: HC-228-E3 | I31: TRUE | K31: G1156 | L31: BF0003745 | O31: G1156 | V31: G1156 | W31: BF0003745 | AB31: G1382 | AC31: HC-186-E3 | AD31: #4号冰箱 4-5-5-3 G4 | AE31: S89 | AH31: G4793 | AI31: HC-336-E3 | AK31: A6 | AL31: S96 | AO31: G2812 | AP31: BF00001366E2 | AQ31: D3 | AR31: S89 | AU31: G4940 | AV31: svc003166e4 | AW31: I2 | AY31: S96
A32: 2022年11月 | B32: D4 | C32: SVC002282E2 | D32: 4号冰箱#1-1-2-1 | F32: GDM20220910-I_AGGAGTCC | G32: G1188 | H32: HC-255-E3 | I32: TRUE | K32: G1157 | L32: BF0007127 | M32: 4号冰箱 4-5-4-4 G7 | N32: S90 | O32: G1157 | V32: G1157 | W32: BF0007127 | X32: 4号冰箱 4-5-4-4 G7 | Y32: S90 | AB32: G1383 | AC32: HC-326-E3 | AD32: #4号冰箱 4-5-5-3 F6 | AE32: S90 | AH32: G4794 | AI32: HC-158-E3 | AK32: A5 | AL32: S97 | AO32: G2813 | AP32: SVC002282E2 | AQ32: D4 | AR32: S90 | AU32: G4941 | AV32: bf0002036e1 | AW32: F3 | AY32: S97
A33: 2022年11月 | B33: D5 | C33: BF0002090E1 | D33: 4号冰箱#1-1-2-1 | F33: GDM20220910-I_CAGCCTCG | G33: G1192 | H33: HC-163-E3 | I33: TRUE | K33: G1158 | L33: BF0007540 | M33: 4号冰箱 4-5-4-4 E4 | N33: S91 | O33: G1158 | V33: G1158 | W33: BF0007540 | X33: 4号冰箱 4-5-4-4 E4 | Y33: S91 | AB33: G1384 | AC33: HC-256-E3 | AD33: #4号冰箱 4-5-5-3 E9 | AE33: S91 | AH33: G4795 | AI33: HC-118-E3 | AK33: A3 | AL33: S98 | AO33: G2814 | AP33: BF0002090E1 | AQ33: D5 | AR33: S91 | AU33: G4942 | AV33: bf0004159e2 | AW33: F4 | AY33: S98
C34: BF0004516E3 | F34: GDM20220910-I_CATGCCTA | G34: G1189 | H34: HC-214-E3 | I34: TRUE | K34: G1159 | L34: BF0000831 | M34: 4号冰箱 4-5-4-4 E5 | N34: S92 | O34: G1159 | V34: G1159 | W34: BF0000831 | X34: 4号冰箱 4-5-4-4 E5 | Y34: S92 | AB34: G1385 | AC34: BF0001202 | AD34: #4号冰箱 4-5-5-4 C3 | AE34: S92 | AH34: G4796 | AI34: HC-361-E3 | AK34: B4 | AL34: S99 | AO34: G2815 | AP34: BF0004516E3 | AQ34: D6 | AR34: S92 | AU34: G4943 | AV34: bf0003652e1 | AW34: F8 | AY34: S99
C35: BF0004484E1 | F35: GDM20220910-I_CCTCTCTG | G35: G1191 | H35: HC-341-E3 | I35: TRUE | K35: G1160 | L35: BF0003781 | M35: 4号冰箱 4-5-4-4 F3 | N35: S93 | O35: G1160 | V35: G1160 | W35: BF0003781 | X35: 4号冰箱 4-5-4-4 F3 | Y35: S93 | AB35: G1386 | AC35: BF0001732 | AH35: G4797 | AI35: HC-238-E3 | AK35: B2 | AL35: S25 | AO35: G2816 | AP35: BF0004484E1 | AQ35: D7 | AR35: S93 | AU35: G4944 | AV35: svc002278e4 | AW35: G8 | AY35: S25
A36: 2022年11月 | B36: D8 | C36: BF0005080E1 | D36: 4号冰箱#1-1-2-1 | F36: GDM20220910-I_CTAGTACG | G36: G1185 | H36: HC-339-E3 | I36: TRUE | K36: G1161 | L36: BF0004802 | M36: 4号冰箱 4-5-4-4 F2 | N36: S94 | O36: G1161 | V36: G1161 | W36: BF0004802 | X36: 4号冰箱 4-5-4-4 F2 | Y36: S94 | AB36: G1387 | AC36: BF0001917 | AD36: #4号冰箱 4-5-5-4 B7 | AE36: S94 | AH36: G4798 | AI36: BF0001728 | AJ36: 4号冰箱4-5-5-2号盒 | AK36: G9 | AL36: S37 | AO36: G2817 | AP36: BF0005080E1 | AQ36: D8 | AR36: S94 | AU36: G4945 | AV36: svc003252e6 | AW36: B5 | AY36: S37
A37: 2022年11月 | B37: D9 | C37: BF0003014E3 | D37: 4号冰箱#1-1-2-1 | F37: GDM20220910-I_GCTCAGGA | G37: G1187 | H37: HC-38-E3 | I37: TRUE | K37: G1162 | L37: BF0004516 | M37: 4号冰箱 4-5-4-4 E6 | N37: S95 | O37: G1162 | V37: G1162 | W37: BF0004516 | X37: 4号冰箱 4-5-4-4 E6 | Y37: S95 | AB37: G1388 | AC37: BF0001262 | AD37: #4号冰箱 4-5-5-4 A3 | AE37: S95 | AH37: G4799 | AI37: BF0002860 | AK37: H1 | AL37: s39 | AO37: G2818 | AP37: BF0003014E3 | AQ37: D9 | AR37: S95 | AU37: G4946 | AV37: svc003297e6 | AW37: H2 | AY37: s39
A38: 2022年11月 | B38: E1 | C38: SVC002350E8 | D38: 4号冰箱#1-1-2-1 | F38: GDM20220910-I_GTAAGGAG | G38: G1193 | H38: HC-164-E3 | I38: TRUE | K38: G1163 | L38: BF0003916 | M38: 4号冰箱 4-5-4-4 E9 | N38: S96 | O38: G1163 | V38: G1163 | W38: BF0003916 | X38: 4号冰箱 4-5-4-4 E9 | Y38: S96 | AB38: G1389 | AC38: B69 | AD38: #4号冰箱 4-5-5-4 B1 | AE38: S96 | AH38: G4800 | AI38: BF0000623 | AK38: H5 | AL38: s41 | AO38: G2819 | AP38: SVC002350E8 | AQ38: E1 | AR38: S96 | AU38: G4947 | AV38: bf0004542e2 | AW38: A8 | AY38: s41
A39: 2022年11月 | B39: E2 | C39: SVC002676E5 | D39: 4号冰箱#1-1-2-1 | F39: GDM20220910-I_GTAGAGAG | G39: G1190 | H39: HC-151-E3 | I39: TRUE | K39: G1164 | L39: BF0004068 | M39: 4号冰箱 4-5-4-4 F7 | N39: S97 | O39: G1164 | V39: G1164 | W39: BF0004068 | X39: 4号冰箱 4-5-4-4 F7 | Y39: S97 | AB39: G1390 | AC39: B1380 | AD39: #4号冰箱 4-5-5-4 A7 | AE39: S97 | AH39: G4801 | AI39: BF0002029 | AK39: H2 | AL39: s43 | AO39: G2820 | AP39: SVC002676E5 | AQ39: E2 | AR39: S97 | AU39: G4948 | AV39: svc002219e5 | AW39: H1 | AY39: s43
A40: 2022年11月 | B40: E3 | C40: BF0001584E1 | D40: 4号冰箱#1-1-2-1 | F40: GDM20220910-I_TCCTCTAC | G40: G1194 | H40: HC-92-E3 | I40: TRUE | K40: G1165 | L40: BF0002986 | M40: 4号冰箱 4-5-4-4 F6 | N40: S98 | O40: G1165 | V40: G1165 | W40: BF0002986 | X40: 4号冰箱 4-5-4-4 F6 | Y40: S98 | AB40: G1391 | AC40: BF0001394 | AD40: #4号冰箱 4-5-5-4 A5 | AE40: S98 | AH40: G4802 | AI40: BF0004130 | AK40: B6 | AL40: s45 | AO40: G2821 | AP40: BF0001584E1 | AQ40: E3 | AR40: S98 | AU40: G4949 | AV40: bf0003986e5 | AW40: H8 | AY40: s45
A41: 2022年11月 | B41: E4 | C41: BF0007540E1 | D41: 4号冰箱#1-1-2-1 | F41: GDM20220910-I_TCGCCTTA | G41: G1184 | H41: HC-270-E3 | I41: TRUE | K41: G1166 | L41: BF0004484 | M41: 4号冰箱 4-5-4-4 F4 | N41: S99 | O41: G1166 | V41: G1166 | W41: BF0004484 | X41: 4号冰箱 4-5-4-4 F4 | Y41: S99 | AB41: G1392 | AC41: BF0000073 | AD41: #4号冰箱 4-5-5-4 A6 | AE41: S99 | AH41: G4803 | AI41: BF0006368 | AK41: C4 | AL41: s47 | AO41: G2822 | AP41: BF0007540E1 | AQ41: E4 | AR41: S99 | AU41: G4950 | AV41: bf0005160e2 | AW41: D4 | AY41: s47
A42: 2022年11月 | B42: E5 | C42: PA002311E3 | D42: 4号冰箱#1-1-2-1 | F42: GDM20220910-I_TTCTGCCT | G42: G1186 | H42: HC-93-E3 | I42: TRUE | K42: G1167 | L42: BF0001071 | M42: 4号冰箱 4-5-4-4 G5 | N42: S25 | O42: G1167 | V42: G1167 | W42: BF0001071 | X42: 4号冰箱 4-5-4-4 G5 | Y42: S25 | AB42: G1393 | AC42: HC-289-E3 | AD42: #4号冰箱 4-5-5-3 F1 | AE42: S25 | AH42: G4804 | AI42: BF0004353 | AK42: C7 | AL42: S88 | AO42: G2823 | AP42: PA002311E3 | AQ42: E5 | AR42: S25 | AU42: G4951 | AV42: bf0001774e2 | AW42: E4 | AY42: S88
A43: 2022年11月 | B43: E6 | C43: SVC003250E4 | D43: 4号冰箱#1-1-2-1 | F43: GDM20220910-II_AAGGAGTA | G43: G1196 | H43: HC-153-E3 | I43: TRUE | K43: G1168 | L43: BF0000945 | M43: 4号冰箱 4-5-4-4 E8 | N43: S37 | O43: G1168 | V43: G1168 | W43: BF0000945 | X43: 4号冰箱 4-5-4-4 E8 | Y43: S37 | AB43: G1394 | AC43: HC-60-E3 | AD43: #4号冰箱 4-5-5-3 G3 | AE43: S37 | AH43: G4805 | AI43: BF0005270 | AK43: D8 | AL43: S89 | AO43: G2824 | AP43: SVC003250E4 | AQ43: E6 | AR43: S37 | AU43: G4952 | AV43: bf0001775e1 | AW43: A7 | AY43: S89
A44: 2022年11月 | B44: E7 | C44: BF00001361E1 | D44: 4号冰箱#1-1-2-1 | F44: GDM20220910-II_ACTGCATA | G44: G1195 | H44: HC-76-E3 | I44: TRUE | K44: G1169 | L44: BF0004663 | M44: 4号冰箱 4-5-4-4 F8 | N44: s39 | O44: G1169 | V44: G1169 | W44: BF0004663 | X44: 4号冰箱 4-5-4-4 F8 | Y44: s39 | AB44: G1395 | AC44: HC-116-E3 | AD44: #4号冰箱 4-5-5-3 F8 | AE44: s39 | AH44: G4806 | AI44: BF0003217 | AK44: E4 | AL44: S90 | AO44: G2825 | AP44: BF00001361E1 | AQ44: E7 | AR44: s39 | AU44: G4953 | AV44: bf0001811e1 | AW44: D7 | AY44: S90
A45: 2022年11月 | B45: E8 | C45: SVC003605E2 | D45: 4号冰箱#1-1-2-1 | F45: GDM20220910-II_AGAGTAGA | G45: G1202 | H45: HC-355-E3 | I45: TRUE | K45: G1170 | L45: BF0002903 | M45: 4号冰箱 4-5-4-4 F9 | N45: s41 | O45: G1170 | V45: G1170 | W45: BF0002903 | X45: 4号冰箱 4-5-4-4 F9 | Y45: s41 | AB45: G1396 | AC45: HC-52-E3 | AD45: #4号冰箱 4-5-5-3 G1 | AE45: s41 | AH45: G4807 | AI45: HC-390-E3 | AJ45: 4号冰箱4-5-5-3号盒 | AK45: H1 | AL45: S91 | AO45: G2826 | AP45: SVC003605E2 | AQ45: E8 | AR45: s41 | AU45: G4954 | AV45: svc002953e1 | AW45: I7 | AY45: S91
A46: 2022年11月 | B46: E9 | C46: SVC001879E2 | D46: 4号冰箱#1-1-2-1 | F46: GDM20220910-II_AGCGTAGC | G46: G1203 | H46: HC-416-E3 | I46: TRUE | K46: G1171 | L46: BF0005154 | M46: 4号冰箱 4-5-4-4 E7 | N46: s43 | O46: G1171 | V46: G1171 | W46: BF0005154 | X46: 4号冰箱 4-5-4-4 E7 | Y46: s43 | AB46: G1397 | AC46: HC-427-E3 | AD46: #4号冰箱 4-5-4-1 E4 | AE46: s43 | AH46: G4808 | AI46: HC-252-E3 | AK46: H9 | AL46: S92 | AO46: G2827 | AP46: SVC001879E2 | AQ46: E9 | AR46: s43 | AU46: G4955 | AV46: pa002155e2 | AW46: H3 | AY46: S92
A47: 2022年11月 | B47: F1 | C47: SVC002886E4 | D47: 4号冰箱#1-1-2-1 | F47: GDM20220910-II_CTAAGCCT | G47: G1197 | H47: HC-172-E3 | I47: TRUE | K47: G1172 | L47: BF0004808 | M47: 4号冰箱 4-5-4-4 G4 | N47: s45 | O47: G1172 | V47: G1172 | W47: BF0004808 | X47: 4号冰箱 4-5-4-4 G4 | Y47: s45 | AB47: G1398 | AC47: HC-291-E3 | AD47: #4号冰箱 4-5-4-1 F8 | AE47: s45 | AH47: G4809 | AI47: HC-370-E3 | AK47: I1 | AL47: S94 | AO47: G2828 | AP47: SVC002886E4 | AQ47: F1 | AR47: s45 | AU47: G4956 | AV47: bf0002081e1 | AW47: D2 | AY47: S94
A48: 2022年11月 | B48: F2 | C48: BF00001237E2 | D48: 4号冰箱#1-1-2-1 | F48: GDM20220910-II_CTAGTACG | G48: G1205 | H48: HC-273-E3 | I48: TRUE | K48: G1173 | L48: BF0002091 | M48: 4号冰箱 4-5-4-4 F1 | N48: s47 | O48: G1173 | V48: G1173 | W48: BF0002091 | X48: 4号冰箱 4-5-4-4 F1 | Y48: s47 | AB48: G1399 | AC48: HC-293-E3 | AD48: #4号冰箱 4-5-4-1 F7 | AE48: s47 | AH48: G4810 | AI48: HC-224-E3 | AK48: I5 | AL48: S95 | AO48: G2829 | AP48: BF00001237E2 | AQ48: F2 | AR48: s47 | AU48: G4957 | AV48: bf0000159e1 | AW48: C6 | AY48: S95
A49: 2022年11月 | B49: F3 | C49: BF0005343E5 | D49: 4号冰箱#1-1-2-1 | F49: GDM20220910-II_CTCTCTAT | G49: G1201 | H49: HC-179-E3 | I49: TRUE | K49: G1174 | L49: BF0001970 | M49: 4号冰箱 4-5-4-4 G1 | N49: s49 | O49: G1174 | V49: G1174 | W49: BF0001970 | X49: 4号冰箱 4-5-4-4 G1 | Y49: s49 | AB49: G1400 | AC49: HC-166-E3 | AD49: #4号冰箱 4-5-4-1 E1 | AE49: s49 | AH49: G4811 | AI49: HC-39-E3 | AK49: G8 | AL49: S96 | AO49: G2830 | AP49: BF0005343E5 | AQ49: F3 | AR49: s49 | AU49: G4958 | AV49: bf0000174e1 | AW49: H4 | AY49: S96
A50: 2022年11月 | B50: F4 | C50: PA002671E1 | D50: 4号冰箱#1-1-2-1 | F50: GDM20220910-II_GCGTAAGA | G50: G1199 | H50: HC-152-E3 | I50: TRUE | K50: G1175 | L50: BF0004375 | M50: 4号冰箱 4-5-4-4 F5 | N50: S88 | O50: G1175 | V50: G1175 | W50: BF0004375 | X50: 4号冰箱 4-5-4-4 F5 | Y50: S88 | AB50: G1401 | AC50: BF0001015 | AD50: #4号冰箱 4-5-5-4 A8 | AE50: S88 | AH50: G4812 | AI50: HC-104-E3 | AK50: F5 | AL50: S97 | AO50: G2831 | AP50: PA002671E1 | AQ50: F4 | AR50: S88 | AU50: G4959 | AV50: bf0003579e3 | AW50: F9 | AY50: S97
A51: 2022年11月 | B51: F5 | C51: BF0007614E4 | D51: 4号冰箱#1-1-2-1 | F51: GDM20220910-II_TAGATCGC | G51: G1200 | H51: HC-96-E3 | I51: TRUE | K51: G1176 | L51: BF0007614 | M51: 4号冰箱 4-5-4-4 G6 | N51: S89 | O51: G1176 | V51: G1176 | W51: BF0007614 | X51: 4号冰箱 4-5-4-4 G6 | Y51: S89 | AB51: G1402 | AC51: BF0002892 | AD51: #4号冰箱 4-5-5-4 B2 | AE51: S89 | AH51: G4813 | AI51: HC-83-E3 | AK51: G5 | AL51: S98 | AO51: G2832 | AP51: BF0007614E4 | AQ51: F5 | AR51: S89 | AU51: G4960 | AV51: bf0003621e3 | AW51: B9 | AY51: S98
A52: 2022年11月 | B52: F6 | C52: SVC003229E2 | D52: 4号冰箱#1-1-2-1 | F52: GDM20220910-II_TCGCCTTA | G52: G1204 | H52: HC-340-E3 | I52: TRUE | K52: G1177 | L52: BF0002999 | M52: 4号冰箱 4-5-4-4 E3 | N52: S90 | O52: G1177 | V52: G1177 | W52: BF0002999 | X52: 4号冰箱 4-5-4-4 E3 | Y52: S90 | AB52: G1403 | AC52: BF0002018 | AD52: #4号冰箱 4-5-5-4 B5 | AE52: S90 | AH52: G4814 | AI52: HC-245-E3 | AK52: G2 | AL52: S99 | AO52: G2833 | AP52: SVC003229E2 | AQ52: F6 | AR52: S90 | AU52: G4961 | AV52: bf0005559e5 | AW52: B3 | AY52: S99
A53: 2022年11月 | B53: F7 | C53: B700000499E2 | D53: 4号冰箱#1-1-2-1 | F53: GDM20220910-II_TCTCTCCG | G53: G1198 | H53: HC-448-E3 | I53: TRUE | K53: G1178 | L53: BF0001366 | M53: 4号冰箱 4-5-4-2 C3 | N53: S92 | O53: G1178 | V53: G1178 | W53: BF0001366 | X53: 4号冰箱 4-5-4-2 C3 | Y53: S92 | AB53: G1404 | AC53: BF0001173 | AD53: #4号冰箱 4-5-5-4 B4 | AE53: S91 | AH53: G4815 | AI53: HC-51-E3 | AK53: E7 | AL53: S25 | AO53: G2834 | AP53: B700000499E2 | AQ53: F7 | AR53: S91 | AU53: G4962 | AV53: bf0005262e2 | AW53: I4 | AY53: S25
A54: 2022年11月 | B54: F8 | C54: BF0002091E2 | D54: 4号冰箱#1-1-2-1 | F54: GDM20220910-II_TTCTGCCT | G54: G1206 | H54: HC-149-E3 | I54: TRUE | K54: G1179 | L54: BF0005198 | M54: 4号冰箱 4-5-4-2 B3 | N54: S91 | O54: G1179 | V54: G1179 | W54: BF0005198 | X54: 4号冰箱 4-5-4-2 B3 | Y54: S91 | AB54: G1405 | AC54: BF0000979 | AD54: #4号冰箱 4-5-5-4 C4 | AE54: S92 | AH54: G4816 | AI54: HC-142-E3 | AK54: E3 | AL54: S37 | AO54: G2835 | AP54: BF0002091E2 | AQ54: F8 | AR54: S92 | AU54: G4963 | AV54: bf0002390e4 | AW54: F1 | AY54: S37
A55: 2022年11月 | B55: F9 | C55: BF0005230E1 | D55: 4号冰箱#1-1-2-1 | F55: GDM20220911-I_AAGGAGTA | G55: G1160 | H55: BF0003781 | I55: TRUE | K55: G1180 | L55: BF0001048 | M55: 4号冰箱 4-5-4-2 B4 | N55: S93 | O55: G1180 | V55: G1180 | W55: BF0001048 | X55: 4号冰箱 4-5-4-2 B4 | Y55: S93 | AB55: G1406 | AC55: BF0001063 | AD55: #4号冰箱 4-5-5-4 A9 | AE55: S93 | AH55: G4817 | AI55: BF0005307 | AK55: C5 | AL55: s39 | AO55: G2836 | AP55: BF0005230E1 | AQ55: F9 | AR55: S93 | AU55: G4964 | AV55: bf0001590e1 | AW55: G1 | AY55: s39
A56: 2022年11月 | B56: G1 | C56: BF0002261E1 | D56: 4号冰箱#1-1-2-1 | F56: GDM20220911-I_ACTGCATA | G56: G1159 | H56: BF0000831 | I56: TRUE | K56: G1181 | L56: BF0006766 | M56: 4号冰箱 4-5-4-2 A1 | N56: S94 | O56: G1181 | V56: G1181 | W56: BF0006766 | X56: 4号冰箱 4-5-4-2 A1 | Y56: S94 | AB56: G1407 | AC56: BF0002588 | AD56: #4号冰箱 4-5-5-4B3 | AE56: S94 | AH56: G4818 | AI56: HC-221-E3 | AK56: E8 | AL56: s41 | AO56: G2837 | AP56: BF0002261E1 | AQ56: G1 | AR56: S94 | AU56: G4965 | AV56: bf0001965e3 | AW56: E6 | AY56: s41
A57: 2022年11月 | B57: G2 | C57: SVC002894E4 | D57: 4号冰箱#1-1-2-1 | F57: GDM20220911-I_AGAGTAGA | G57: G1166 | H57: BF0004484 | I57: TRUE | K57: G1182 | L57: BF0003650 | M57: 4号冰箱 4-5-4-2 C4 | N57: S95 | O57: G1182 | V57: G1182 | W57: BF0003650 | X57: 4号冰箱 4-5-4-2 C4 | Y57: S95 | AB57: G1408 | AC57: BF0001713 | AD57: #4号冰箱 4-5-5-4 C2 | AE57: S95 | AH57: G4819 | AI57: HC-317-E3 | AK57: E9 | AL57: s43 | AO57: G2838 | AP57: SVC002894E4 | AQ57: G2 | AR57: S95 | AU57: G4966 | AV57: bf0001991e4 | AW57: A1 | AY57: s43
A58: 2022年11月 | B58: G3 | C58: BF0003760E2 | D58: 4号冰箱#1-1-2-1 | F58: GDM20220911-I_AGCGTAGC | G58: G1167 | H58: BF0001071 | I58: TRUE | K58: G1183 | L58: HC-228-E3 | M58: 4号冰箱 4-5-4-4 C8 | N58: S25 | O58: G1183 | V58: G1183 | W58: HC-228-E3 | X58: 4号冰箱 4-5-4-4 C8 | Y58: S25 | AB58: G1409 | AC58: HC-254-E3 | AD58: #4号冰箱 4-5-4-1 F3 | AE58: S96 | AH58: G4820 | AI58: HC-295-E3 | AK58: F4 | AL58: s45 | AO58: G2839 | AP58: BF0003760E2 | AQ58: G3 | AR58: S96 | AU58: G4967 | AV58: bf0002013e3 | AW58: B2 | AY58: s45
A59: 2022年11月 | B59: G4 | C59: BF00000273E1 | D59: 4号冰箱#1-1-2-1 | F59: GDM20220911-I_CTAAGCCT | G59: G1161 | H59: BF0004802 | I59: TRUE | K59: G1184 | L59: HC-270-E3 | O59: G1184 | V59: G1184 | W59: HC-270-E3 | AB59: G1410 | AC59: HC-155-E3 | AD59: #4号冰箱 4-5-4-1 F5 | AE59: S97 | AH59: G4821 | AI59: HC-241-E3 | AK59: F1 | AL59: s47 | AO59: G2840 | AP59: BF00000273E1 | AQ59: G4 | AR59: S97 | AU59: G4968 | AV59: bf0001667e1 | AW59: H7 | AY59: s47
A60: 2022年11月 | B60: G5 | C60: BF00000217E2 | D60: 4号冰箱#1-1-2-1 | F60: GDM20220911-I_CTAGTACG | G60: G1169 | H60: BF0004663 | I60: TRUE | K60: G1185 | L60: HC-339-E3 | M60: 4号冰箱 4-5-4-4 D5 | N60: s39 | O60: G1185 | V60: G1185 | W60: HC-339-E3 | X60: 4号冰箱 4-5-4-4 D5 | Y60: s39 | AB60: G1411 | AC60: HC-198-E3 | AD60: #4号冰箱 4-5-4-1 F2 | AE60: S98 | AH60: G4822 | AI60: BF0005127 | AK60: B3 | AL60: S88 | AO60: G2841 | AP60: BF00000217E2 | AQ60: G5 | AR60: S98 | AU60: G4969 | AV60: bf0001704e1 | AW60: I5 | AY60: S88
A61: 2022年11月 | B61: G6 | C61: BF0000938E2 | D61: 4号冰箱#1-1-2-1 | F61: GDM20220911-I_CTCTCTAT | G61: G1165 | H61: BF0002986 | I61: TRUE | K61: G1186 | L61: HC-93-E3 | M61: 4号冰箱 4-5-4-4 E2 | N61: s41 | O61: G1186 | V61: G1186 | W61: HC-93-E3 | X61: 4号冰箱 4-5-4-4 E2 | Y61: s41 | AB61: G1412 | AC61: HC-235-E3 | AD61: #4号冰箱 4-5-4-1 E8 | AE61: S99 | AH61: G4823 | AI61: BF0004500 | AK61: A5 | AL61: S89 | AO61: G2842 | AP61: BF0000938E2 | AQ61: G6 | AR61: S99 | AU61: G4970 | AV61: bf0001707e1 | AW61: A3 | AY61: S89
A62: 2022年11月 | B62: G7 | C62: SVC002626E4 | D62: 4号冰箱#1-1-2-1 | F62: GDM20220911-I_GCGTAAGA | G62: G1163 | H62: BF0003916 | I62: TRUE | K62: G1187 | L62: HC-38-E3 | M62: 4号冰箱 4-5-4-4 E1 | N62: s43 | O62: G1187 | V62: G1187 | W62: HC-38-E3 | X62: 4号冰箱 4-5-4-4 E1 | Y62: s43 | AB62: G1413 | AC62: HC-192-E3 | AD62: #4号冰箱 4-5-4-1 D8 | AE62: S25 | AH62: G4824 | AI62: BF0004409 | AK62: A1 | AL62: S90 | AO62: G2843 | AP62: SVC002626E4 | AQ62: G7 | AR62: S25 | AU62: G4971 | AV62: bf0001725e1 | AW62: I8 | AY62: S90
A63: 2022年11月 | B63: G8 | C63: BF0000347E1 | D63: 4号冰箱#1-1-2-1 | F63: GDM20220911-I_TAGATCGC | G63: G1164 | H63: BF0004068 | I63: TRUE | K63: G1188 | L63: HC-255-E3 | M63: 4号冰箱 4-5-4-4 D8 | N63: s45 | O63: G1188 | V63: G1188 | W63: HC-255-E3 | X63: 4号冰箱 4-5-4-4 D8 | Y63: s45 | AB63: G1414 | AC63: HC-130-E3 | AD63: #4号冰箱 4-5-4-1 D1 | AE63: S37 | AH63: G4825 | AI63: BF0004028 | AK63: A9 | AL63: S91 | AO63: G2844 | AP63: BF0000347E1 | AQ63: G8 | AR63: S37 | AU63: G4972 | AV63: bf0001726e1 | AW63: G6 | AY63: S91
A64: 2022年11月 | B64: G9 | C64: BF00000618E1 | D64: 4号冰箱#1-1-2-1 | F64: GDM20220911-I_TCGCCTTA | G64: G1168 | H64: BF0000945 | I64: TRUE | K64: G1189 | L64: HC-214-E3 | M64: 4号冰箱 4-5-4-4 D7 | N64: s47 | O64: G1189 | V64: G1189 | W64: HC-214-E3 | X64: 4号冰箱 4-5-4-4 D7 | Y64: s47 | AB64: G1415 | AC64: HC-389-E3 | AD64: #4号冰箱 4-5-4-1 C5 | AE64: s39 | AH64: G4826 | AI64: BF0004470 | AK64: B1 | AL64: S92 | AO64: G2845 | AP64: BF00000618E1 | AQ64: G9 | AR64: s39 | AU64: G4973 | AV64: bf0002032e4 | AW64: A9 | AY64: S92
A65: 2022年11月 | B65: H1 | C65: BF00001337E3 | D65: 4号冰箱#1-1-2-1 | F65: GDM20220911-I_TCTCTCCG | G65: G1162 | H65: BF0004516 | I65: TRUE | K65: G1190 | L65: HC-151-E3 | M65: 4号冰箱 4-5-4-4 D4 | N65: s49 | O65: G1190 | V65: G1190 | W65: HC-151-E3 | X65: 4号冰箱 4-5-4-4 D4 | Y65: s49 | AB65: G1416 | AC65: HC-190-E3 | AD65: #4号冰箱 4-5-4-1 C6 | AE65: s41 | AH65: G4827 | AI65: BF0004722 | AK65: B8 | AL65: S94 | AO65: G2846 | AP65: BF00001337E3 | AQ65: H1 | AR65: s41 | AU65: G4974 | AV65: bf0000660e2 | AW65: C8 | AY65: S94
A66: 2022年11月 | B66: H2 | C66: BF0006654E1 | D66: 4号冰箱#1-1-2-1 | F66: GDM20220911-I_TTCTGCCT | G66: G1170 | H66: BF0002903 | I66: TRUE | K66: G1191 | L66: HC-341-E3 | M66: 4号冰箱 4-5-4-4 C7 | N66: S88 | O66: G1191 | V66: G1191 | W66: HC-341-E3 | X66: 4号冰箱 4-5-4-4 C7 | Y66: S88 | AB66: G1417 | AC66: BF0001194 | AD66: #4号冰箱 4-5-5-4 B9 | AE66: s43 | AH66: G4828 | AI66: HC-42-E3 | AK66: E6 | AL66: S95 | AO66: G2847 | AP66: BF0006654E1 | AQ66: H2 | AR66: s43 | AU66: G4975 | AV66: bf0001922e3 | AW66: A5 | AY66: S95
A67: 2022年11月 | B67: H3 | C67: BF0001636E3 | D67: 4号冰箱#1-1-2-1 | F67: GDM20220911-II_AAGGAGTA | G67: G1216 | H67: HC-94-E3 | I67: TRUE | K67: G1192 | L67: HC-163-E3 | M67: 4号冰箱 4-5-4-4 D9 | N67: S89 | O67: G1192 | V67: G1192 | W67: HC-163-E3 | X67: 4号冰箱 4-5-4-4 D9 | Y67: S89 | AB67: G1418 | AC67: BF0002540 | AH67: G4829 | AI67: HC-366-E3 | AK67: C8 | AL67: S96 | AO67: G2848 | AP67: BF0001636E3 | AQ67: H3 | AR67: s45 | AU67: G4976 | AV67: bf0001953e3 | AW67: E9 | AY67: S96
A68: 2022年11月 | B68: H4 | C68: PA003027E1 | D68: 4号冰箱#1-1-2-1 | F68: GDM20220911-II_ACTGCATA | G68: G1215 | H68: HC-421-E3 | I68: TRUE | K68: G1193 | L68: HC-164-E3 | M68: 4号冰箱 4-5-4-4 C4 | N68: S90 | O68: G1193 | V68: G1193 | W68: HC-164-E3 | X68: 4号冰箱 4-5-4-4 C4 | Y68: S90 | AB68: G1419 | AC68: SVC1686 | AD68: #4号冰箱 4-5-4-2 G6 | AE68: s47 | AH68: G4830 | AI68: HC-236-E3 | AK68: D3 | AL68: S97 | AO68: G2849 | AP68: PA003027E1 | AQ68: H4 | AR68: s47 | AU68: G4977 | AV68: bf0002165e1 | AW68: C5 | AY68: S97
A69: 2022年11月 | B69: H5 | C69: SVC002259E4 | D69: 4号冰箱#1-1-2-1 | F69: GDM20220911-II_AGGAGTCC | G69: G1208 | H69: HC-113-E3 | I69: TRUE | K69: G1194 | L69: HC-92-E3 | M69: 4号冰箱 4-5-4-4 D3 | N69: S91 | O69: G1194 | V69: G1194 | W69: HC-92-E3 | X69: 4号冰箱 4-5-4-4 D3 | Y69: S91 | AB69: G1420 | AC69: SVC2232 | AD69: #4号冰箱 4-5-4-2 H1 | AE69: s49 | AH69: G4831 | AI69: HC-178-E3 | AK69: E1 | AL69: S98 | AO69: G2850 | AP69: SVC002259E4 | AQ69: H5 | AR69: s49 | AU69: G4978 | AV69: bf0000723e1 | AW69: H9 | AY69: S98
A70: 2022年11月 | B70: H6 | C70: BF0003045E2 | D70: 4号冰箱#1-1-2-1 | F70: GDM20220911-II_CAGCCTCG | G70: G1212 | H70: HC-199-E3 | I70: TRUE | K70: G1195 | L70: HC-76-E3 | M70: 4号冰箱 4-5-4-4 C6 | N70: S92 | O70: G1195 | V70: G1195 | W70: HC-76-E3 | X70: 4号冰箱 4-5-4-4 C6 | Y70: S92 | AB70: G1421 | AC70: SVC3319 | AD70: #4号冰箱 4-5-4-2 G8 | AE70: S88 | AH70: G4832 | AI70: HC-53-E3 | AK70: E4 | AL70: S99 | AO70: G2851 | AP70: BF0003045E2 | AQ70: H6 | AR70: S88 | AU70: G4979 | AV70: bf0002325e1 | AW70: C2 | AY70: S99
A71: 2022年11月 | B71: H7 | C71: PA001797E1 | D71: 4号冰箱#1-1-2-1 | F71: GDM20220911-II_CATGCCTA | G71: G1209 | H71: HC-43-E3 | I71: TRUE | K71: G1196 | L71: HC-153-E3 | M71: 4号冰箱 4-5-4-4 C9 | N71: S93 | O71: G1196 | V71: G1196 | W71: HC-153-E3 | X71: 4号冰箱 4-5-4-4 C9 | Y71: S93 | AB71: G1422 | AC71: BF0004887 | AD71: #4号冰箱 4-5-5-3 C4 | AE71: S89 | AH71: G4833 | AI71: HC-122-E3 | AK71: D1 | AL71: S25 | AO71: G2852 | AP71: PA001797E1 | AQ71: H7 | AR71: S89 | AU71: G4980 | AV71: bf0003884e2 | AW71: D6 | AY71: S25
A72: 2022年11月 | B72: H8 | C72: BF00000393E1 | D72: 4号冰箱#1-1-2-1 | F72: GDM20220911-II_CCTCTCTG | G72: G1211 | H72: HC-328-E3 | I72: TRUE | K72: G1197 | L72: HC-172-E3 | M72: 4号冰箱 4-5-4-4 C3 | N72: S94 | O72: G1197 | V72: G1197 | W72: HC-172-E3 | X72: 4号冰箱 4-5-4-4 C3 | Y72: S94 | AB72: G1423 | AC72: BF0007455 | AD72: #4号冰箱 4-5-5-3 A7 | AE72: S90 | AH72: G4834 | AI72: BF0003764 | AK72: H3 | AL72: S37 | AO72: G2853 | AP72: BF00000393E1 | AQ72: H8 | AR72: S90 | AU72: G4981 | AV72: bf0004018e2 | AW72: C9 | AY72: S37
A73: 2022年11月 | B73: H9 | C73: SVC003154E2 | D73: 4号冰箱#1-1-2-1 | F73: GDM20220911-II_CTAAGCCT | G73: G1217 | H73: HC-150-E3 | I73: TRUE | K73: G1198 | L73: HC-448-E3 | M73: 4号冰箱 4-5-4-4 D2 | N73: S95 | O73: G1198 | V73: G1198 | W73: HC-448-E3 | X73: 4号冰箱 4-5-4-4 D2 | Y73: S95 | AB73: G1424 | AC73: BF0001974 | AD73: #4号冰箱 4-5-5-3 A2 | AE73: S91 | AH73: G4835 | AI73: HC-34-E3 | AK73: E2 | AL73: s39 | AO73: G2854 | AP73: SVC003154E2 | AQ73: H9 | AR73: S91 | AU73: G4982 | AV73: bf0000880e1 | AW73: F5 | AY73: s39
A74: 2022年11月 | B74: I1 | C74: BF0001780E2 | D74: 4号冰箱#1-1-2-1 | F74: GDM20220911-II_GCTCAGGA | G74: G1207 | H74: HC-59-E3 | I74: TRUE | K74: G1199 | L74: HC-152-E3 | M74: 4号冰箱 4-5-4-4 I6 | N74: S96 | O74: G1199 | V74: G1199 | W74: HC-152-E3 | X74: 4号冰箱 4-5-4-4 I6 | Y74: S96 | AB74: G1425 | AC74: HC-101-E3 | AD74: #4号冰箱 4-5-4-1 D2 | AE74: S92 | AH74: G4836 | AI74: HC-225-E3 | AK74: D7 | AL74: s41 | AO74: G2855 | AP74: BF0001780E2 | AQ74: I1 | AR74: S92 | AU74: G4983 | AV74: bf0000904e2 | AW74: E7 | AY74: s41
A75: 2022年11月 | B75: I2 | C75: SVC00l502E1 | D75: 4号冰箱#1-1-2-1 | F75: GDM20220911-II_GTAAGGAG | G75: G1213 | H75: HC-102-E3 | I75: TRUE | K75: G1200 | L75: HC-96-E3 | M75: 4号冰箱 4-5-4-4 H9 | N75: S97 | O75: G1200 | V75: G1200 | W75: HC-96-E3 | X75: 4号冰箱 4-5-4-4 H9 | Y75: S97 | AB75: G1426 | AC75: HC-233-E3 | AD75: #4号冰箱 4-5-4-1 C9 | AE75: S93 | AH75: G4837 | AI75: HC-57-E3 | AJ75: 4号冰箱4-5-5-4号盒 | AK75: F7 | AL75: s43 | AO75: G2856 | AP75: SVC00l502E1 | AQ75: I2 | AR75: S93 | AU75: G4984 | AV75: bf0000906e2 | AW75: E1 | AY75: s43
A76: 2022年11月 | B76: I3 | C76: SVC001508E3 | D76: 4号冰箱#1-1-2-1 | F76: GDM20220911-II_GTAGAGAG | G76: G1210 | H76: HC-212-E3 | I76: TRUE | K76: G1201 | L76: HC-179-E3 | M76: 4号冰箱 4-5-4-4 G9 | N76: S98 | O76: G1201 | V76: G1201 | W76: HC-179-E3 | X76: 4号冰箱 4-5-4-4 G9 | Y76: S98 | AB76: G1427 | AC76: HC-244-E3 | AD76: #4号冰箱 4-5-4-1 C2 | AE76: S94 | AH76: G4838 | AI76: HC-269-E3 | AK76: F8 | AL76: s45 | AO76: G2857 | AP76: SVC001508E3 | AQ76: I3 | AR76: S94 | AU76: G4985 | AV76: bf0001827e4 | AW76: H6 | AY76: s45
A77: 2022年11月 | B77: I4 | C77: SVC002681E5 | D77: 4号冰箱#1-1-2-1 | F77: GDM20220911-II_TCCTCTAC | G77: G1214 | H77: HC-223-E3 | I77: TRUE | K77: G1202 | L77: HC-355-E3 | M77: 4号冰箱 4-5-4-4 H1 | N77: S99 | O77: G1202 | V77: G1202 | W77: HC-355-E3 | X77: 4号冰箱 4-5-4-4 H1 | Y77: S99 | AB77: G1428 | AC77: HC-46-E3 | AD77: #4号冰箱 4-5-4-1 D4 | AE77: S95 | AH77: G4839 | AI77: HC-319-E3 | AK77: F2 | AL77: s47 | AO77: G2858 | AP77: SVC002681E5 | AQ77: I4 | AR77: S95 | AU77: G4986 | AV77: svc002406e2 | AW77: G4 | AY77: s47
A78: 2022年11月 | B78: I5 | C78: BF00001071E4 | D78: 4号冰箱#1-1-2-1 | F78: GDM20220911-II_TCTCTCCG | G78: G1218 | H78: HC-396-E3 | I78: TRUE | K78: G1203 | L78: HC-416-E3 | M78: 4号冰箱 4-5-4-4 H2 | N78: S25 | O78: G1203 | V78: G1203 | W78: HC-416-E3 | X78: 4号冰箱 4-5-4-4 H2 | Y78: S25 | AB78: G1429 | AC78: HC-240-E3 | AD78: #4号冰箱 4-5-4-1 D6 | AE78: S96 | AH78: G4840 | AI78: HC-77-E3 | AK78: E5 | AL78: S88 | AO78: G2859 | AP78: BF00001071E4 | AQ78: I5 | AR78: S96 | AU78: G4987 | AV78: bf0000452e2 | AW78: D7 | AX78: #4号冰箱1-2-4-1 | AY78: S88
A79: 2022年11月 | B79: I6 | C79: SVC001311E2 | D79: 4号冰箱#1-1-2-1 | F79: GDM20220913-I_AAGGAGTA | G79: G1180 | H79: BF0001048 | I79: TRUE | K79: G1204 | L79: HC-340-E3 | M79: 4号冰箱 4-5-4-4 I3 | N79: S37 | O79: G1204 | V79: G1204 | W79: HC-340-E3 | X79: 4号冰箱 4-5-4-4 I3 | Y79: S37 | AB79: G1430 | AC79: HC-276-E3 | AD79: #4号冰箱 4-5-4-1 C1 | AE79: S97 | AH79: G4841 | AI79: HC-398-E3 | AK79: G2 | AL79: S89 | AO79: G2860 | AP79: SVC001311E2 | AQ79: I6 | AR79: S97 | AU79: G4988 | AV79: bf0001933e3 | AW79: D9 | AY79: S89
A80: 2022年11月 | B80: I7 | C80: SVC001525E9 | D80: 4号冰箱#1-1-2-1 | F80: GDM20220913-I_ACTGCATA | G80: G1178 | H80: BF0001366 | I80: TRUE | K80: G1205 | L80: HC-273-E3 | M80: 4号冰箱 4-5-4-4 H3 | N80: s39 | O80: G1205 | V80: G1205 | W80: HC-273-E3 | X80: 4号冰箱 4-5-4-4 H3 | Y80: s39 | AB80: G1431 | AC80: HC-195-E3 | AD80: #4号冰箱 4-5-4-1 B9 | AE80: S98 | AH80: G4842 | AI80: HC-197-E3 | AK80: G3 | AL80: S90 | AO80: G2861 | AP80: SVC001525E9 | AQ80: I7 | AR80: S98 | AU80: G4989 | AV80: bf0002529e3 | AW80: E2 | AY80: S90
A81: 2022年11月 | B81: I8 | C81: PA001697E2 | D81: 4号冰箱#1-1-2-1 | F81: GDM20220913-I_AGAGTAGA | G81: G1222 | H81: HC-258-E3 | I81: TRUE | K81: G1206 | L81: HC-149-E3 | M81: 4号冰箱 4-5-4-4 I5 | N81: s41 | O81: G1206 | V81: G1206 | W81: HC-149-E3 | X81: 4号冰箱 4-5-4-4 I5 | Y81: s41 | AB81: G1432 | AC81: HC-217-E3 | AD81: #4号冰箱 4-5-5-4 D2 | AE81: S99 | AH81: G4843 | AI81: HC-325-E3 | AK81: G4 | AL81: S91 | AO81: G2862 | AP81: PA001697E2 | AQ81: I8 | AR81: S99 | AU81: G4990 | AV81: svc001739e7 | AW81: A7 | AY81: S91
A82: 2022年11月 | B82: I9 | C82: BF0005373E1 | D82: 4号冰箱#1-1-2-1 | F82: GDM20220913-I_AGGAGTCC | G82: G1172 | H82: BF0004808 | I82: TRUE | K82: G1207 | L82: HC-59-E3 | M82: 4号冰箱 4-5-4-4 I1 | N82: s43 | O82: G1207 | V82: G1207 | W82: HC-59-E3 | X82: 4号冰箱 4-5-4-4 I1 | Y82: s43 | AB82: G1433 | AC82: BF0005224 | AD82: #4号冰箱 4-5-5-3 B4 | AE82: S25 | AH82: G4844 | AI82: HC-391-E3 | AK82: F9 | AL82: S92 | AO82: G2863 | AP82: BF0005373E1 | AQ82: I9 | AR82: S25 | AU82: G4991 | AV82: pa001920e1 | AW82: A3 | AY82: S92
A83: 2022年11月 | B83: A1 | C83: BF0004671E1 | D83: 4号冰箱#1-1-2-2 | F83: GDM20220913-I_CAGCCTCG | G83: G1176 | H83: BF0007614 | I83: TRUE | K83: G1208 | L83: HC-113-E3 | O83: G1208 | V83: G1208 | W83: HC-113-E3 | AB83: G1434 | AC83: BF0004369 | AD83: #4号冰箱 4-5-5-3 C2 | AE83: S37 | AH83: G4845 | AI83: HC-177-E3 | AK83: F6 | AL83: S94 | AO83: G2864 | AP83: BF0004671E1 | AQ83: A1 | AR83: S37 | AU83: G4992 | AV83: svc0001369e1 | AW83: A2 | AY83: S94
A84: 2022年11月 | B84: A2 | C84: BF0007563E5 | D84: 4号冰箱#1-1-2-2 | F84: GDM20220913-I_CATGCCTA | G84: G1173 | H84: BF0002091 | I84: TRUE | K84: G1209 | L84: HC-43-E3 | M84: 4号冰箱 4-5-4-4 H5 | N84: s47 | O84: G1209 | V84: G1209 | W84: HC-43-E3 | X84: 4号冰箱 4-5-4-4 H5 | Y84: s47 | AB84: G1435 | AC84: BF0004145 | AD84: #4号冰箱 4-5-5-3 B7 | AE84: s39 | AH84: G4846 | AI84: HC-187-E3 | AK84: F4 | AL84: S95 | AO84: G2865 | AP84: BF0007563E5 | AU84: G4993 | AV84: svc0001314e2 | AW84: A9 | AY84: S95
A85: 2022年11月 | B85: A3 | C85: BF0002321E1 | D85: 4号冰箱#1-1-2-2 | F85: GDM20220913-I_CCTCTCTG | G85: G1175 | H85: BF0004375 | I85: TRUE | K85: G1210 | L85: HC-212-E3 | M85: 4号冰箱 4-5-4-4 H8 | N85: s49 | O85: G1210 | V85: G1210 | W85: HC-212-E3 | X85: 4号冰箱 4-5-4-4 H8 | Y85: s49 | AB85: G1436 | AC85: BF0007576 | AD85: #4号冰箱 4-5-5-3 C6 | AE85: s41 | AH85: G4847 | AI85: HC-156-E3 | AK85: G1 | AL85: S96 | AO85: G2866 | AP85: BF0002321E1 | AQ85: A3 | AR85: s41 | AU85: G4994 | AV85: pa0001228e1 | AW85: D2 | AY85: S96
A86: 2022年11月 | B86: A4 | C86: SVC001491E2 | D86: 4号冰箱#1-1-2-2 | F86: GDM20220913-I_CTAAGCCT | G86: G1181 | H86: BF0006766 | I86: TRUE | K86: G1211 | L86: HC-328-E3 | M86: 4号冰箱 4-5-4-4 G8 | N86: S88 | O86: G1211 | V86: G1211 | W86: HC-328-E3 | X86: 4号冰箱 4-5-4-4 G8 | Y86: S88 | AB86: G1437 | AC86: BF0007108 | AD86: #4号冰箱 4-5-5-3 A8 | AE86: s43 | AH86: G4848 | AI86: BF0002488 | AK86: C1 | AL86: S97 | AO86: G2867 | AP86: SVC001491E2 | AQ86: A4 | AR86: s43 | AU86: G4995 | AV86: bf0003012e3 | AW86: C2 | AY86: S97
A87: 2022年11月 | B87: A5 | C87: BF0002924E3 | D87: 4号冰箱#1-1-2-2 | F87: GDM20220913-I_CTCTCTAT | G87: G1221 | H87: HC-329-E3 | I87: TRUE | K87: G1212 | L87: HC-199-E3 | M87: 4号冰箱 4-5-4-4 I2 | N87: S89 | O87: G1212 | V87: G1212 | W87: HC-199-E3 | X87: 4号冰箱 4-5-4-4 I2 | Y87: S89 | AB87: G1438 | AC87: BF0004648 | AD87: #4号冰箱 4-5-5-3 C3 | AE87: s45 | AH87: G4849 | AI87: BF0000191 | AK87: A1 | AL87: S98 | AO87: G2868 | AP87: BF0002924E3 | AQ87: A5 | AR87: s45 | AU87: G4996 | AV87: pa0001202e2 | AW87: B7 | AY87: S98
A88: 2022年11月 | B88: A6 | C88: BF0003226E2 | D88: 4号冰箱#1-1-2-2 | F88: GDM20220913-I_GCGTAAGA | G88: G1219 | H88: HC-121-E3 | I88: TRUE | K88: G1213 | L88: HC-102-E3 | M88: 4号冰箱 4-5-4-4 I4 | N88: S90 | O88: G1213 | V88: G1213 | W88: HC-102-E3 | X88: 4号冰箱 4-5-4-4 I4 | Y88: S90 | AB88: G1439 | AC88: BF0005071 | AD88: #4号冰箱 4-5-5-3 A4 | AE88: s47 | AH88: G4850 | AI88: BF0001081 | AK88: B8 | AL88: S99 | AO88: G2869 | AP88: BF0003226E2 | AQ88: A6 | AR88: s47 | AU88: G4997 | AV88: bf0005068e4 | AW88: C6 | AY88: S99
A89: 2022年11月 | B89: A7 | C89: BF0006690E3 | D89: 4号冰箱#1-1-2-2 | F89: GDM20220913-I_GCTCAGGA | G89: G1171 | H89: BF0005154 | I89: TRUE | K89: G1214 | L89: HC-223-E3 | M89: 4号冰箱 4-5-4-4 I7 | N89: S91 | O89: G1214 | V89: G1214 | W89: HC-223-E3 | X89: 4号冰箱 4-5-4-4 I7 | Y89: S91 | AB89: G1440 | AC89: BF0005375 | AD89: #4号冰箱 4-5-5-3 B9 | AE89: s49 | AH89: G4851 | AI89: BF0001940 | AK89: A2 | AL89: S25 | AO89: G2870 | AP89: BF0006690E3 | AQ89: A7 | AR89: s49 | AU89: G4998 | AV89: bf0005196e1 | AW89: A6 | AY89: S25
A90: 2022年11月 | B90: A8 | C90: BF0003781E1 | D90: 4号冰箱#1-1-2-2 | F90: GDM20220913-I_GTAAGGAG | G90: G1177 | H90: BF0002999 | I90: TRUE | K90: G1215 | L90: HC-421-E3 | M90: 4号冰箱 4-5-4-4 H7 | N90: S92 | O90: G1215 | V90: G1215 | W90: HC-421-E3 | X90: 4号冰箱 4-5-4-4 H7 | Y90: S92 | AB90: G1441 | AC90: HC-193-E3 | AD90: #4号冰箱 4-5-5-4 F1 | AE90: S88 | AH90: G4852 | AI90: HC-176-E3 | AK90: C7 | AL90: S37 | AO90: G2871 | AP90: BF0003781E1 | AQ90: A8 | AR90: S88 | AU90: G4999 | AV90: bf0001796e3 | AW90: B3 | AY90: S37
A91: 2022年11月 | B91: A9 | C91: SVC001833E2 | D91: 4号冰箱#1-1-2-2 | F91: GDM20220913-I_GTAGAGAG | G91: G1174 | H91: BF0001970 | I91: TRUE | K91: G1216 | L91: HC-94-E3 | M91: 4号冰箱 4-5-4-4 H4 | N91: S93 | O91: G1216 | V91: G1216 | W91: HC-94-E3 | X91: 4号冰箱 4-5-4-4 H4 | Y91: S93 | AB91: G1442 | AC91: HC-222-E3 | AD91: #4号冰箱 4-5-5-4 D6 | AE91: S89 | AH91: G4853 | AI91: HC-409-E3 | AK91: C8 | AL91: s39 | AO91: G2872 | AP91: SVC001833E2 | AQ91: A9 | AR91: S89 | AU91: G5000 | AV91: pa001769e1 | AW91: B5 | AY91: s39
A92: 2022年11月 | B92: B1 | C92: PA003144E3 | D92: 4号冰箱#1-1-2-2 | F92: GDM20220913-I_TAGATCGC | G92: G1220 | H92: HC-111-E3 | I92: TRUE | K92: G1217 | L92: HC-150-E3 | M92: 4号冰箱 4-5-4-1 E3 | N92: S94 | O92: G1217 | V92: G1217 | W92: HC-150-E3 | X92: 4号冰箱 4-5-4-1 E3 | Y92: S94 | AB92: G1443 | AC92: HC-335-E3 | AD92: #4号冰箱 4-5-5-4 C5 | AE92: S90 | AH92: G4854 | AI92: HC-387-E3 | AK92: D8 | AL92: s41 | AO92: G2873 | AP92: PA003144E3 | AQ92: B1 | AR92: S90 | AU92: G5001 | AV92: svc001811e9 | AW92: B8 | AY92: s41
A93: 2022年11月 | B93: B2 | C93: BF0005389E1 | D93: 4号冰箱#1-1-2-2 | F93: GDM20220913-I_TCCTCTAC | G93: G1179 | H93: BF0005198 | I93: TRUE | K93: G1218 | L93: HC-396-E3 | M93: 4号冰箱 4-5-4-1 E6 | N93: S95 | O93: G1218 | V93: G1218 | W93: HC-396-E3 | X93: 4号冰箱 4-5-4-1 E6 | Y93: S95 | AB93: G1444 | AC93: HC-49-E3 | AD93: #4号冰箱 4-5-5-4 E2 | AE93: S91 | AH93: G4855 | AI93: HC-170-E3 | AK93: E4 | AL93: s43 | AO93: G2874 | AP93: BF0005389E1 | AQ93: B2 | AR93: S91 | AU93: G5002 | AV93: bf0004234e1 | AW93: C1 | AY93: s43
A94: 2022年11月 | B94: B3 | C94: SVC002945E2 | D94: 4号冰箱#1-1-2-2 | F94: GDM20220913-I_TCTCTCCG | G94: G1182 | H94: BF0003650 | I94: TRUE | K94: G1219 | L94: HC-121-E3 | M94: 4号冰箱 4-5-4-1 E2 | N94: S96 | O94: G1219 | V94: G1219 | W94: HC-121-E3 | X94: 4号冰箱 4-5-4-1 E2 | Y94: S96 | AB94: G1445 | AC94: HC-444-E3 | AD94: #4号冰箱 4-5-5-4 E3 | AE94: S92 | AH94: G4857 | AI94: HC-431-E3 | AK94: C9 | AL94: s47 | AO94: G2875 | AP94: SVC002945E2 | AQ94: B3 | AR94: S92 | AU94: G5004 | AV94: svc002204e5 | AW94: C7 | AY94: s47
A95: 2022年11月 | B95: B4 | C95: SVC001830E2 | D95: 4号冰箱#1-1-2-2 | F95: GDM20220917-I_AAGGAGTA | G95: G1240 | H95: HC-268-E3 | I95: TRUE | K95: G1220 | L95: HC-111-E3 | M95: 4号冰箱 4-5-4-1 D9 | N95: S97 | O95: G1220 | V95: G1220 | W95: HC-111-E3 | X95: 4号冰箱 4-5-4-1 D9 | Y95: S97 | AB95: G1446 | AC95: HC-55-E3 | AD95: #4号冰箱 4-5-5-3 D9 | AE95: S93 | AH95: G4858 | AI95: HC-248-E3 | AK95: D9 | AL95: S88 | AO95: G2876 | AP95: SVC001830E2 | AQ95: B4 | AR95: S93 | AU95: G5005 | AV95: svc002207e5 | AW95: C5 | AY95: S88
A96: 2022年11月 | B96: B5 | C96: BF0004888E1 | D96: 4号冰箱#1-1-2-2 | F96: GDM20220917-I_ACTGCATA | G96: G1239 | H96: HC-139-E3 | I96: TRUE | K96: G1221 | L96: HC-329-E3 | M96: 4号冰箱 4-5-4-1 E7 | N96: S98 | O96: G1221 | V96: G1221 | W96: HC-329-E3 | X96: 4号冰箱 4-5-4-1 E7 | Y96: S98 | AB96: G1447 | AC96: HC-287-E3 | AD96: #4号冰箱 4-5-5-3 C7 | AE96: S94 | AH96: G4859 | AI96: HC-243-E3 | AK96: D1 | AL96: S89 | AO96: G2877 | AP96: BF0004888E1 | AQ96: B5 | AR96: S94 | AU96: G5006 | AV96: svc002208e4 | AW96: B1 | AY96: S89
... A98: 2022年11月 | B98: B7 | C98: BF0005154E2 | D98: 4号冰箱#1-1-2-2 | F98: GDM20220917-I_AGGAGTCC | G98: G1232 | H98: HC-95-E3 | I98: TRUE | K98: G1223 | L98: HC-427-E3 | M98: 4号冰箱 4-5-4-1 E4 | N98: S25 | O98: G1223 | V98: G1223 | W98: HC-427-E3 | X98: 4号冰箱 4-5-4-1 E4 | Y98: S25 | AB98: G1449 | AC98: BF0003467 | AD98: #4号冰箱 4-5-5-3 B6 | AE98: S96 | AH98: G4861 | AI98: HC-140-E3 | AK98: D5 | AL98: S91 | AO98: G2879 | AP98: BF0005154E2 | AQ98: B7 | AR98: S96 | AU98: G5008 | AV98: bf0000231e1 | AW98: D6 | AY98: S91
A99: 2022年11月 | B99: B8 | C99: PA002524E2 | D99: 4号冰箱#1-1-2-2 | F99: GDM20220917-I_CAGCCTCG | G99: G1236 | H99: HC-129-E3 | I99: TRUE | K99: G1224 | L99: HC-291-E3 | M99: 4号冰箱 4-5-4-1 F8 | N99: S37 | O99: G1224 | V99: G1224 | W99: HC-291-E3 | X99: 4号冰箱 4-5-4-1 F8 | Y99: S37 | AB99: G1450 | AC99: BF0001778 | AH99: G4862 | AI99: HC-185-E3 | AK99: D4 | AL99: S92 | AO99: G2880 | AP99: PA002524E2 | AQ99: B8 | AR99: S97 | AU99: G5009 | AV99: bf0004155e2 | AW99: E9 | AY99: S92
A100: 2022年11月 | B100: B9 | C100: BF0006814E5 | D100: 4号冰箱#1-1-2-2 | F100: GDM20220917-I_CATGCCTA | G100: G1233 | H100: HC-292-E3 | I100: TRUE | K100: G1225 | L100: HC-293-E3 | M100: 4号冰箱 4-5-4-1 F7 | N100: s39 | O100: G1225 | V100: G1225 | W100: HC-293-E3 | X100: 4号冰箱 4-5-4-1 F7 | Y100: s39 | AB100: G1451 | AC100: BF0004118 | AD100: #4号冰箱 4-5-5-3 B2 | AE100: S98 | AO100: G2881 | AP100: BF0006814E5 | AQ100: B9 | AR100: S98 | AU100: G5010 | AV100: bf0002102e1 | AW100: E7 | AY100: S94
A101: 2022年11月 | B101: C1 | C101: BF00000898E1 | D101: 4号冰箱#1-1-2-2 | F101: GDM20220917-I_CCTCTCTG | G101: G1235 | H101: HC-103-E3 | I101: TRUE | K101: G1226 | L101: HC-338-E3 | M101: 4号冰箱 4-5-4-1 E5 | N101: s41 | O101: G1226 | V101: G1226 | W101: HC-338-E3 | X101: 4号冰箱 4-5-4-1 E5 | Y101: s41 | AB101: G1452 | AC101: BF0006822 | AD101: #4号冰箱 4-5-5-3 C1 | AE101: S99 | AO101: G2882 | AP101: BF00000898E1 | AQ101: C1 | AR101: S99 | AU101: G5011 | AV101: pa002038e2 | AW101: E3 | AY101: S95
A102: 2022年11月 | B102: C2 | C102: BF000001157E2 | D102: 4号冰箱#1-1-2-2 | F102: GDM20220917-I_CTAAGCCT | G102: G1241 | H102: HC-106-E3 | I102: TRUE | K102: G1227 | L102: HC-165-E3 | M102: 4号冰箱 4-5-4-1 E1 | N102: s43 | O102: G1227 | P102: 这个样本建库失败，没有测序 | V102: G1227 | W102: HC-165-E3 | X102: 4号冰箱 4-5-4-1 E1 | Y102: s43 | AB102: G1453 | AC102: BF0003586 | AD102: #4号冰箱 4-5-5-3 A6 | AE102: S25 | AO102: G2883 | AP102: BF000001157E2 | AQ102: C2 | AR102: S25 | AU102: G5012 | AV102: bf0003057e3 | AW102: C8 | AY102: S96
A103: 2022年11月 | B103: C3 | C103: BF000001258E1 | D103: 4号冰箱#1-1-2-2 | F103: GDM20220917-I_CTCTCTAT | G103: G1245 | H103: HC-282-E3 | I103: TRUE | K103: G1228 | L103: HC-253-E3 | M103: 4号冰箱 4-5-4-1 F6 | N103: s45 | O103: G1228 | V103: G1228 | W103: HC-253-E3 | X103: 4号冰箱 4-5-4-1 F6 | Y103: s45 | AB103: G1454 | AC103: BF0002131 | AD103: #4号冰箱 4-5-4-2 B9 | AE103: S37 | AO103: G2884 | AP103: BF000001258E1 | AQ103: C3 | AR103: S37 | AU103: G5013 | AV103: bf0000486e2 | AW103: B2 | AY103: S97
A104: 2022年11月 | B104: C4 | C104: PA003135E2 | D104: 4号冰箱#1-1-2-2 | F104: GDM20220917-I_GCGTAAGA | G104: G1243 | H104: HC-100-E3 | I104: TRUE | K104: G1229 | L104: HC-254-E3 | M104: 4号冰箱 4-5-4-1 F3 | N104: s47 | O104: G1229 | V104: G1229 | W104: HC-254-E3 | X104: 4号冰箱 4-5-4-1 F3 | Y104: s47 | AB104: G1455 | AC104: BF0003927 | AD104: #4号冰箱 4-5-4-2 A4 | AE104: s39 | AO104: G2885 | AP104: PA003135E2 | AQ104: C4 | AR104: s39 | AU104: G5014 | AV104: bf0001591e1 | AW104: E9 | AY104: S98
...

Sheet 临床信息统计
A1: 实验方法 | B1: 已完成建库+测序（2024-9） | C1: Library_ID | D1: 分类
A2: No T4PNK treatment | B2: TRUE | C2: GDM20230502-IV_AGCGTAGC | D2: IPAH/HPAH
A3: No T4PNK treatment | B3: TRUE | C3: GDM20230502-IV_TCGCCTTA | D3: IPAH/HPAH
A4: No T4PNK treatment | B4: TRUE | C4: GDM20230502-IV_CTAGTACG | D4: IPAH/HPAH
A5: No T4PNK treatment | B5: TRUE | C5: GDM20230502-IV_TTCTGCCT | D5: IPAH/HPAH
A6: No T4PNK treatment | B6: TRUE | C6: GDM20230502-IV_GCTCAGGA | D6: IPAH/HPAH
A7: No T4PNK treatment | B7: TRUE | C7: GDM20230502-IV_AGGAGTCC | D7: IPAH/HPAH
A8: No T4PNK treatment | B8: TRUE | C8: GDM20230502-IV_CATGCCTA | D8: IPAH/HPAH
A9: No T4PNK treatment | B9: TRUE | C9: GDM20230502-V_GTAGAGAG | D9: IPAH/HPAH
A10: No T4PNK treatment | B10: TRUE | C10: GDM20230502-V_CCTCTCTG | D10: IPAH/HPAH
A11: No T4PNK treatment | B11: TRUE | C11: GDM20230502-V_CAGCCTCG | D11: IPAH/HPAH
A12: No T4PNK treatment | B12: TRUE | C12: GDM20230502-V_GTAAGGAG | D12: IPAH/HPAH
A13: No T4PNK treatment | B13: TRUE | C13: GDM20230502-V_ACTGCATA | D13: IPAH/HPAH
... A110: No T4PNK treatment | B110: TRUE | C110: GDM20230530-II_CTAAGCCT | D110: IPAH/HPAH
A111: No T4PNK treatment | B111: TRUE | C111: GDM20230530-II_TCTCTCCG | D111: #N/A
A112: No T4PNK treatment | B112: TRUE | C112: GDM20230530-II_GCGTAAGA | D112: IPAH/HPAH
A113: No T4PNK treatment | B113: TRUE | C113: GDM20230530-II_CTCTCTAT | D113: IPAH/HPAH
A114: No T4PNK treatment | B114: TRUE | C114: GDM20230530-II_AGAGTAGA | D114: IPAH/HPAH
A115: No T4PNK treatment | B115: TRUE | C115: GDM20230530-III_TCGCCTTA | D115: IPAH/HPAH
A116: No T4PNK treatment | B116: TRUE | C116: GDM20230530-III_CTAGTACG | D116: IPAH/HPAH
A117: No T4PNK treatment | B117: TRUE | C117: GDM20230530-III_CATGCCTA | D117: IPAH/HPAH
A118: No T4PNK treatment | B118: TRUE | C118: GDM20230530-III_GTAGAGAG | D118: IPAH/HPAH
A119: No T4PNK treatment | B119: TRUE | C119: GDM20230530-III_CCTCTCTG | D119: IPAH/HPAH
A120: No T4PNK treatment | B120: TRUE | C120: GDM20230530-III_CAGCCTCG | D120: IPAH/HPAH
A121: No T4PNK treatment | B121: TRUE | C121: GDM20230530-III_GTAAGGAG | D121: IPAH/HPAH
A122: No T4PNK treatment | B122: TRUE | C122: GDM20230530-III_TCCTCTAC | D122: IPAH/HPAH
A123: No T4PNK treatment | B123: TRUE | C123: GDM20230530-III_ACTGCATA | D123: IPAH/HPAH
A124: No T4PNK treatment | B124: TRUE | C124: GDM20230530-III_AAGGAGTA | D124: #N/A
A125: No T4PNK treatment | B125: TRUE | C125: GDM20230530-III_CTAAGCCT | D125: IPAH/HPAH
A126: No T4PNK treatment | B126: TRUE | C126: GDM20230530-III_TCTCTCCG | D126: IPAH/HPAH
A127: No T4PNK treatment | B127: TRUE | C127: GDM20230530-IV_GCGTAAGA | D127: IPAH/HPAH
A128: No T4PNK treatment | B128: TRUE | C128: GDM20230530-IV_TAGATCGC | D128: IPAH/HPAH
A129: No T4PNK treatment | B129: TRUE | C129: GDM20230530-IV_CTCTCTAT | D129: IPAH/HPAH
A130: No T4PNK treatment | B130: TRUE | C130: GDM20230530-IV_AGAGTAGA | D130: IPAH/HPAH
A131: No T4PNK treatment | B131: TRUE | C131: GDM20230530-IV_AGCGTAGC | D131: IPAH/HPAH
A132: No T4PNK treatment | B132: TRUE | C132: GDM20230530-IV_TTCTGCCT | D132: IPAH/HPAH
A133: No T4PNK treatment | B133: TRUE | C133: GDM20230530-IV_GCTCAGGA | D133: IPAH/HPAH
A134: No T4PNK treatment | B134: TRUE | C134: GDM20230530-IV_CATGCCTA | D134: IPAH/HPAH
A135: No T4PNK treatment | B135: TRUE | C135: GDM20230530-IV_GTAGAGAG | D135: IPAH/HPAH
A136: No T4PNK treatment | B136: TRUE | C136: GDM20230530-IV_TCCTCTAC | D136: IPAH/HPAH
... A385: No T4PNK treatment | B385: TRUE | C385: GDM20230502-III_GCGTAAGA | D385: IPAH/HPAH
A386: No T4PNK treatment | B386: TRUE | C386: GDM20230502-III_TAGATCGC | D386: #N/A
A387: No T4PNK treatment | B387: TRUE | C387: GDM20230502-III_CTCTCTAT | D387: IPAH/HPAH
A388: No T4PNK treatment | B388: TRUE | C388: GDM20230502-III_AGAGTAGA | D388: IPAH/HPAH
A389: No T4PNK treatment | B389: TRUE | C389: GDM20230502-III_AGCGTAGC | D389: IPAH/HPAH
A390: No T4PNK treatment | B390: TRUE | C390: GDM20230502-III_TCGCCTTA | D390: IPAH/HPAH
A391: No T4PNK treatment | B391: TRUE | C391: GDM20230502-III_CTAGTACG | D391: IPAH/HPAH
A392: No T4PNK treatment | B392: TRUE | C392: GDM20230502-III_TTCTGCCT | D392: IPAH/HPAH
A393: No T4PNK treatment | B393: TRUE | C393: GDM20230502-III_GCTCAGGA | D393: IPAH/HPAH
A394: No T4PNK treatment | B394: TRUE | C394: GDM20230502-III_AGGAGTCC | D394: IPAH/HPAH
A395: No T4PNK treatment | B395: TRUE | C395: GDM20231124-1_TCCTCTAC | D395: IPAH/HPAH
A396: No T4PNK treatment | B396: TRUE | C396: GDM20230502-III_CATGCCTA | D396: IPAH/HPAH
A397: No T4PNK treatment | B397: TRUE | C397: GDM20230502-III_GTAGAGAG | D397: IPAH/HPAH
A398: No T4PNK treatment | B398: TRUE | C398: GDM20230502-III_CCTCTCTG | D398: IPAH/HPAH
... A756: No T4PNK treatment | B756: TRUE | C756: GDM20241017-26_CTAGTACG | D756: CHD-ASD-PH

Sheet 已完成建库但未见测序结果
A1: 日期 | B1: 盒子里面位置 | C1: ID | D1: 存放位置 | E1: Seq_ID
A2: 2022年11月 | B2: B3 | C2: PA001572E2 | D2: 4号冰箱#1-1-2-1 | E2: =VLOOKUP(C2,'实验完成情况2024-9'!$L$2:$O$721,4,FALSE) -> G2794 | F2: TRUE
A3: 2022年11月 | B3: C6 | C3: SVC003702E2 | D3: 4号冰箱#1-1-2-1 | E3: =VLOOKUP(C3,'实验完成情况2024-9'!$L$2:$O$721,4,FALSE) -> G2806 | F3: TRUE
A4: 2022年11月 | B4: C8 | C4: PA002450E2 | D4: 4号冰箱#1-1-2-1 | E4: =VLOOKUP(C4,'实验完成情况2024-9'!$L$2:$O$721,4,FALSE) -> G2808 | F4: TRUE
A5: 2022年11月 | B5: C9 | C5: SVC002254E4 | D5: 4号冰箱#1-1-2-1 | E5: =VLOOKUP(C5,'实验完成情况2024-9'!$L$2:$O$721,4,FALSE) -> G2809 | F5: TRUE
A6: 2022年11月 | B6: D4 | C6: SVC002282E2 | D6: 4号冰箱#1-1-2-1 | E6: =VLOOKUP(C6,'实验完成情况2024-9'!$L$2:$O$721,4,FALSE) -> G2813 | F6: TRUE
A7: 2022年11月 | B7: E1 | C7: SVC002350E8 | D7: 4号冰箱#1-1-2-1 | E7: =VLOOKUP(C7,'实验完成情况2024-9'!$L$2:$O$721,4,FALSE) -> G2819 | F7: TRUE
A8: 2022年11月 | B8: E6 | C8: SVC003250E4 | D8: 4号冰箱#1-1-2-1 | E8: =VLOOKUP(C8,'实验完成情况2024-9'!$L$2:$O$721,4,FALSE) -> G2824 | F8: TRUE
A9: 2022年11月 | B9: E9 | C9: SVC001879E2 | D9: 4号冰箱#1-1-2-1 | E9: =VLOOKUP(C9,'实验完成情况2024-9'!$L$2:$O$721,4,FALSE) -> G2827 | F9: TRUE
A10: 2022年11月 | B10: F1 | C10: SVC002886E4 | D10: 4号冰箱#1-1-2-1 | E10: =VLOOKUP(C10,'实验完成情况2024-9'!$L$2:$O$721,4,FALSE) -> G2828 | F10: TRUE
A11: 2022年11月 | B11: F4 | C11: PA002671E1 | D11: 4号冰箱#1-1-2-1 | E11: =VLOOKUP(C11,'实验完成情况2024-9'!$L$2:$O$721,4,FALSE) -> G2831 | F11: TRUE
A12: 2022年11月 | B12: H7 | C12: PA001797E1 | D12: 4号冰箱#1-1-2-1 | E12: =VLOOKUP(C12,'实验完成情况2024-9'!$L$2:$O$721,4,FALSE) -> G2852 | F12: TRUE
A13: 2022年11月 | B13: H9 | C13: SVC003154E2 | D13: 4号冰箱#1-1-2-1 | E13: =VLOOKUP(C13,'实验完成情况2024-9'!$L$2:$O$721,4,FALSE) -> G2854 | F13: TRUE
... A42: 2022年11月 | B42: B6 | C42: PA001341E3 | D42: 4号冰箱#1-1-2-3 | E42: =VLOOKUP(C42,'实验完成情况2024-9'!$L$2:$O$721,4,FALSE) -> G2959 | F42: TRUE
A43: 2022年6月 | C43: HC-184-E3 | D43: 4号冰箱4-5-5-3 I6 | E43: =VLOOKUP(C43,'实验完成情况2024-9'!$L$2:$O$721,4,FALSE) -> G1368 | F43: TRUE
A44: 2022年6月 | C44: HC-161-E3 | D44: 4号冰箱4-5-5-3 H7 | E44: =VLOOKUP(C44,'实验完成情况2024-9'!$L$2:$O$721,4,FALSE) -> G1377 | F44: TRUE
A45: 2022年6月 | C45: HC-188-E3 | D45: 4号冰箱4-5-5-3 H2 | E45: =VLOOKUP(C45,'实验完成情况2024-9'!$L$2:$O$721,4,FALSE) -> G1378 | F45: TRUE
A46: 2022年6月 | C46: HC-39-E3 | D46: 4号冰箱4-5-5-3 G8 | E46: =VLOOKUP(C46,'实验完成情况2024-9'!$L$2:$O$721,4,FALSE) -> G4811 | F46: TRUE
A47: 2022年6月 | C47: HC-104-E3 | D47: 4号冰箱4-5-5-3 F5 | E47: =VLOOKUP(C47,'实验完成情况2024-9'!$L$2:$O$721,4,FALSE) -> G4812 | F47: TRUE
A48: 2022年6月 | C48: HC-256-E3 | D48: 4号冰箱4-5-5-3 E9 | E48: =VLOOKUP(C48,'实验完成情况2024-9'!$L$2:$O$721,4,FALSE) -> G1384 | F48: TRUE
A49: 2022年6月 | C49: HC-221-E3 | D49: 4号冰箱4-5-5-3 E8 | E49: =VLOOKUP(C49,'实验完成情况2024-9'!$L$2:$O$721,4,FALSE) -> G4818 | F49: TRUE
A50: 2022年6月 | C50: HC-193-E3 | D50: 4号冰箱4-5-5-4 F1 | E50: =VLOOKUP(C50,'实验完成情况2024-9'!$L$2:$O$721,4,FALSE) -> G1441 | F50: TRUE
A51: 2022年6月 | C51: HC-222-E3 | D51: 4号冰箱4-5-5-4 D6 | E51: =VLOOKUP(C51,'实验完成情况2024-9'!$L$2:$O$721,4,FALSE) -> G1442 | F51: TRUE
A52: 2022年6月 | C52: HC-335-E3 | D52: 4号冰箱4-5-5-4 C5 | E52: =VLOOKUP(C52,'实验完成情况2024-9'!$L$2:$O$721,4,FALSE) -> G1443 | F52: TRUE
A53: 2022年6月 | C53: BF0003027 | D53: 4号冰箱4-5-5-2 E5 | E53: =VLOOKUP(C53,'实验完成情况2024-9'!$L$2:$O$721,4,FALSE) -> G1356 | F53: TRUE
A54: 2022年6月 | C54: B956 | D54: 4号冰箱4-5-5-2 G8 | E54: =VLOOKUP(C54,'实验完成情况2024-9'!$L$2:$O$721,4,FALSE) -> G1360 | F54: TRUE
... A100: 2023年9月 | C100: pa001769e1 | D100: #5号冰箱4-4-5-3 B5 | E100: =VLOOKUP(C100,'实验完成情况2024-9'!$L$2:$O$721,4,FALSE) -> G5000 | F100: TRUE
A101: 2023年9月 | C101: pa001694e1 | D101: #N/A | E101: =VLOOKUP(C101,'实验完成情况2024-9'!$L$2:$O$721,4,FALSE) -> G5026 | F101: TRUE
A102: 2023年9月 | C102: svc003297e6 | D102: #4号冰箱1-2-4-4 H2 | E102: =VLOOKUP(C102,'实验完成情况2024-9'!$L$2:$O$721,4,FALSE) -> G4946 | F102: TRUE
A103: 2023年9月 | C103: bf0004155e2 | D103: #5号冰箱4-4-5-3 E9 | E103: =VLOOKUP(C103,'实验完成情况2024-9'!$L$2:$O$721,4,FALSE) -> G5009 | F103: TRUE
A104: 2023年9月 | C104: svc003008e5 | D104: #5号冰箱4-4-5-3 B4 | E104: =VLOOKUP(C104,'实验完成情况2024-9'!$L$2:$O$721,4,FALSE) -> G5020 | F104: TRUE

Sheet 临床信息统计-字符格式
A1: 寄送日期 | B1: 盒子里面位置 | C1: ID | D1: 冰箱存放位置 | E1: 实验方法 | F1: 已完成建库+测序（2024-9） | G1: 已完成建库，但未测序（2024-9） | H1: Library_ID | I1: seqID | J1: Sample type | K1: Clinical center | L1: Sample provider | M1: Specimen type | N1: Adapter | O1: I5 index | P1: Barcode | Q1: Sequence | R1: Reagent | S1: Library maker | T1: Library date | U1: Concentration (ng/ul) | V1: Volume (ul) | W1: Weight (ng) | X1: Seq batch | Y1: Seq date | Z1: Seq group | AA1: Platform | AB1: Gbase | AC1: Company | AD1: 出库批次 | AE1: 新的临床信息查询结果 | AF1: 样本编号简化 | AG1: 分类 | AH1: 编号 | AI1: 姓名 | AJ1: 采血日期 | AK1: 诊断 | AL1: 性别 | AM1: 年龄 | AN1: 六mwt | AO1: 心功能分级 | AP1: 体重rhc | AQ1: 身高rhc | AR1: 体表面积rhc | AS1: 超声测肺动脉收缩压 | AT1: 右心导管sbp | AU1: 右心导管dbp | AV1: 右心导管hr | AW1: 右心房压 | AX1: 肺动脉平均压 | AY1: 肺毛细血管楔压 | AZ1: 心输出量 | BA1: 心脏指数 | BB1: 肺血管阻力 | BC1: 混合静脉血氧饱和度 | BD1: APVT阳性 | BE1: ntprobnp | BF1: BNP | BG1: 肌酐 | BH1: 尿素氮 | BI1: 随访结果2021（0=存活，1=死亡，2=失访） | BJ1: 存活时间更新（月） | BK1: 随访备注 | BL1: 生存情况（1死亡，0存活） | BM1: 死亡时间更新 | BN1: 末次随访时间 | BO1: 起始用药（2=双药联合，3=三药联合，4=单药，0=未使用靶向药物） | BP1: 起始单药 | BQ1: 起始双药联合 | BR1: 起始三药联合 | BS1: 西地那非 | BT1: 伐地那非 | BU1: 他达那非 | BV1: 波生坦 | BW1: 安立生坦 | BX1: 伊洛前列素 | BY1: 贝前列素 | BZ1: 瑞莫杜林 | CA1: 地高辛 | CB1: 利尿补钾
A2: 2022年11月 | B2: A1 | C2: BF0002028E3 | D2: 4号冰箱#1-1-2-1 | E2: No T4PNK treatment | F2: TRUE | G2: FALSE | H2: GDM20230502-IV_AGCGTAGC | I2: G2783 | J2: 肺动脉高压 | K2: 北京协和医院 | L2: 荆志成 | M2: Plasma | N2: 0 | O2: 0 | P2: S25 | Q2: AGCGTAGC | R2: 0 | S2: LXY | T2: 20230426 | U2: 7.78 | V2: 3.8560411 | W2: 30 | X2: 179 | Y2: 20230502 | Z2: IV | AA2: Nova-seq | AB2: 0 | AC2: 海普洛斯 | AD2: 2022.11.11 | AE2: IPAH/HPAH | AF2: bf0002028 | AG2: IPAH/HPAH | AH2: b1600 | AI2: 吴晶晶 | AJ2: 42690 | AK2: ipah 分娩相关 | AL2: 2 | AM2: 28 | AN2: 467 | AO2: 2 | AP2: 60 | AQ2: 163 | AR2: 1.73 | AS2: 0 | AT2: 100 | AU2: 71 | AV2: 80 | AW2: 10 | AX2: 62 | AY2: 11 | AZ2: 3.67 | BA2: 2.12 | BB2: 13.9 | BC2: 56.6 | BD2: 0 | BE2: 0 | BF2: 0 | BG2: 0 | BH2: 0 | BI2: 0 | BJ2: 0 | BK2: 0 | BL2: 0 | BM2: 0 | BN2: 43818 | BO2: 0 | BP2: 0 | BQ2: 0 | BR2: 0 | BS2: 0 | BT2: 0 | BU2: 0 | BV2: 0 | BW2: 0 | BX2: 0 | BY2: 0 | BZ2: 0 | CA2: 0 | CB2: 0
A3: 2022年11月 | B3: A2 | C3: SVC001522E5 | D3: 4号冰箱#1-1-2-1 | E3: No T4PNK treatment | F3: TRUE | G3: FALSE | H3: GDM20230502-IV_TCGCCTTA | I3: G2784 | J3: 肺动脉高压 | K3: 北京协和医院 | L3: 荆志成 | M3: Plasma | N3: 0 | O3: 0 | P3: S37 | Q3: TCGCCTTA | R3: 0 | S3: LXY | T3: 20230426 | U3: 4.78 | V3: 6.2761506 | W3: 30 | X3: 179 | Y3: 20230502 | Z3: IV | AA3: Nova-seq | AB3: 0 | AC3: 海普洛斯 | AD3: 2022.11.11 | AE3: IPAH/HPAH | AF3: svc001522 | AG3: IPAH/HPAH | AH3: b3081 | AI3: 段晶晶 | AJ3: 42866 | AK3: 特发性肺动脉高压,心脏扩大,心功能Ⅱ级(NYHA分级) | AL3: 2 | AM3: 29 | AN3: 630 | AO3: 1 | AP3: 59 | AQ3: 168 | AR3: 1.75 | AS3: 0 | AT3: 119 | AU3: 67 | AV3: 80 | AW3: 9 | AX3: 53 | AY3: 12 | AZ3: 7.23 | BA3: 4.13 | BB3: 5.67 | BC3: 75.5 | BD3: 0 | BE3: 147 | BF3: 0 | BG3: 52.24 | BH3: 4 | BI3: 0 | BJ3: 48 | BK3: 0 | BL3: 0 | BM3: 0 | BN3: 43791 | BO3: 3 | BP3: 0 | BQ3: 0 | BR3: 1 | BS3: 0 | BT3: 0 | BU3: 1 | BV3: 0 | BW3: 1 | BX3: 0 | BY3: 1 | BZ3: 0 | CA3: 1 | CB3: 1
A4: 2022年11月 | B4: A3 | C4: BF0004044E2 | D4: 4号冰箱#1-1-2-1 | E4: No T4PNK treatment | F4: TRUE | G4: FALSE | H4: GDM20230502-IV_CTAGTACG | I4: G2785 | J4: 肺动脉高压 | K4: 北京协和医院 | L4: 荆志成 | M4: Plasma | N4: 0 | O4: 0 | P4: s39 | Q4: CTAGTACG | R4: 0 | S4: LXY | T4: 20230426 | U4: 9.64 | V4: 3.1120332 | W4: 30 | X4: 179 | Y4: 20230502 | Z4: IV | AA4: Nova-seq | AB4: 0 | AC4: 海普洛斯 | AD4: 2022.11.11 | AE4: IPAH/HPAH | AF4: bf0004044 | AG4: IPAH/HPAH | AH4: b3431 | AI4: 徐敏 | AJ4: 43040 | AK4: 特发性肺动脉高压,慢性肺源性心脏病,剖宫产个人史,心脏扩大,非风湿性三尖瓣关闭不全,心功能III级(NYHA分级),心包积液,甲状腺肿物,慢性乙型病毒性肝炎,肝囊肿,阑尾术后 | AL4: 2 | AM4: 26 | AN4: 378 | AO4: 2 | AP4: 60 | AQ4: 158 | AR4: 1.7 | AS4: 0 | AT4: 99 | AU4: 71 | AV4: 77 | AW4: 6 | AX4: 53 | AY4: 7 | AZ4: 3.63 | BA4: 2.14 | BB4: 12.67 | BC4: 68.6 | BD4: 0 | BE4: 1759 | BF4: 0 | BG4: 84.7 | BH4: 3.57 | BI4: 0 | BJ4: 42 | BK4: 0 | BL4: 0 | BM4: 0 | BN4: 43791 | BO4: 2 | BP4: 0 | BQ4: 1 | BR4: 0 | BS4: 0 | BT4: 0 | BU4: 1 | BV4: 0 | BW4: 1 | BX4: 0 | BY4: 0 | BZ4: 0 | CA4: 1 | CB4: 1
A5: 2022年11月 | B5: A4 | C5: BF0001097E3 | D5: 4号冰箱#1-1-2-1 | E5: No T4PNK treatment | F5: TRUE | G5: FALSE | H5: GDM20230502-IV_TTCTGCCT | I5: G2786 | J5: 肺动脉高压 | K5: 北京协和医院 | L5: 荆志成 | M5: Plasma | N5: 0 | O5: 0 | P5: s41 | Q5: TTCTGCCT | R5: 0 | S5: LXY | T5: 20230426 | U5: 6.42 | V5: 4.6728972 | W5: 30 | X5: 179 | Y5: 20230502 | Z5: IV | AA5: Nova-seq | AB5: 0 | AC5: 海普洛斯 | AD5: 0 | AE5: IPAH/HPAH | AF5: bf0001097 | AG5: IPAH/HPAH | AH5: b2077 | AI5: 朱燕梅 | AJ5: 42454 | AK5: hpha | AL5: 2 | AM5: 33 | AN5: 567 | AO5: 3 | AP5: 46 | AQ5: 162 | AR5: 1.55 | AS5: 0 | AT5: 99 | AU5: 60 | AV5: 66 | AW5: 3 | AX5: 43 | AY5: 7 | AZ5: 4.4 | BA5: 2.84 | BB5: 8.18 | BC5: 68.3 | BD5: 0 | BE5: 0 | BF5: 0 | BG5: 54.18 | BH5: 5.24 | BI5: 0 | BJ5: 0 | BK5: 0 | BL5: 0 | BM5: 0 | BN5: 0 | BO5: 0 | BP5: 0 | BQ5: 0 | BR5: 0 | BS5: 0 | BT5: 0 | BU5: 0 | BV5: 0 | BW5: 0 | BX5: 0 | BY5: 0 | BZ5: 0 | CA5: 0 | CB5: 0
A6: 2022年11月 | B6: A5 | C6: PA001658E2 | D6: 4号冰箱#1-1-2-1 | E6: No T4PNK treatment | F6: TRUE | G6: FALSE | H6: GDM20230502-IV_GCTCAGGA | I6: G2787 | J6: 肺动脉高压 | K6: 北京协和医院 | L6: 荆志成 | M6: Plasma | N6: 0 | O6: 0 | P6: s43 | Q6: GCTCAGGA | R6: 0 | S6: LXY | T6: 20230426 | U6: 1.88 | V6: 15.957447 | W6: 30 | X6: 179 | Y6: 20230502 | Z6: IV | AA6: Nova-seq | AB6: 0 | AC6: 海普洛斯 | AD6: 2022.11.11 | AE6: IPAH/HPAH | AF6: pa001658 | AG6: IPAH/HPAH | AH6: 2093 | AI6: 赵天祥 | AJ6: 42922 | AK6: ipah | AL6: 1 | AM6: 9 | AN6: 0 | AO6: 0 | AP6: 24 | AQ6: 135 | AR6: 1.11 | AS6: 0 | AT6: 98 | AU6: 66 | AV6: 71 | AW6: 10 | AX6: 71 | AY6: 9 | AZ6: 2.62 | BA6: 2.36 | BB6: 23.66 | BC6: 50.2 | BD6: 未见APVT试验 | BE6: 0 | BF6: 0 | BG6: 0 | BH6: 0 | BI6: 0 | BJ6: 0 | BK6: 0 | BL6: 0 | BM6: 0 | BN6: 0 | BO6: 0 | BP6: 0 | BQ6: 0 | BR6: 0 | BS6: 0 | BT6: 0 | BU6: 0 | BV6: 0 | BW6: 0 | BX6: 0 | BY6: 0 | BZ6: 0 | CA6: 0 | CB6: 0
A7: 2022年11月 | B7: A6 | C7: BF0000633E1 | D7: 4号冰箱#1-1-2-1 | E7: No T4PNK treatment | F7: TRUE | G7: FALSE | H7: GDM20230502-IV_AGGAGTCC | I7: G2788 | J7: 肺动脉高压 | K7: 北京协和医院 | L7: 荆志成 | M7: Plasma | N7: 0 | O7: 0 | P7: s45 | Q7: AGGAGTCC | R7: 0 | S7: LXY | T7: 20230426 | U7: 8.6 | V7: 3.4883721 | W7: 30 | X7: 179 | Y7: 20230502 | Z7: IV | AA7: Nova-seq | AB7: 0 | AC7: 海普洛斯 | AD7: 0 | AE7: IPAH/HPAH | AF7: bf0000633 | AG7: IPAH/HPAH | AH7: b1751 | AI7: 田娅涵 | AJ7: 42315 | AK7: IPAH可能 | AL7: 2 | AM7: 14月 | AN7: 0 | AO7: 0 | AP7: 0 | AQ7: 0 | AR7: 0 | AS7: 92 | AT7: 0 | AU7: 0 | AV7: 147 | AW7: 0 | AX7: 0 | AY7: 0 | AZ7: 0 | BA7: 0 | BB7: 0 | BC7: 0 | BD7: 0 | BE7: 0 | BF7: 0 | BG7: 0 | BH7: 0 | BI7: 0 | BJ7: 0 | BK7: 0 | BL7: 0 | BM7: 0 | BN7: 0 | BO7: 0 | BP7: 0 | BQ7: 0 | BR7: 0 | BS7: 0 | BT7: 0 | BU7: 0 | BV7: 0 | BW7: 0 | BX7: 0 | BY7: 0 | BZ7: 0 | CA7: 0 | CB7: 0
A8: 2022年11月 | B8: A7 | C8: SVC002561E2 | D8: 4号冰箱#1-1-2-1 | E8: No T4PNK treatment | F8: TRUE | G8: FALSE | H8: GDM20230502-IV_CATGCCTA | I8: G2789 | J8: 肺动脉高压 | K8: 北京协和医院 | L8: 荆志成 | M8: Plasma | N8: 0 | O8: 0 | P8: s47 | Q8: CATGCCTA | R8: 0 | S8: LXY | T8: 20230426 | U8: 2.36 | V8: 12.711864 | W8: 30 | X8: 179 | Y8: 20230502 | Z8: IV | AA8: Nova-seq | AB8: 0 | AC8: 海普洛斯 | AD8: 2022.11.11 | AE8: IPAH/HPAH | AF8: svc002561 | AG8: IPAH/HPAH | AH8: b3895 | AI8: 周水仙 | AJ8: 43230 | AK8: 可遗传性肺动脉高压,卵圆孔未闭,低血氧症,低钾血症,低钠血症,低蛋白血症,非新生儿高胆红素血症,慢性肺源性心脏病,心脏扩大,非风湿性三尖瓣关闭不全,心功能IV级(NYHA分级),阵发性心房颤动,阵发性心房扑动,高血压1级,2型糖尿病 | AL8: 2 | AM8: 58 | AN8: #NULL! | AO8: 2 | AP8: 45.2 | AQ8: 152 | AR8: 1.48 | AS8: 0 | AT8: 94 | AU8: 46 | AV8: 86 | AW8: 7 | AX8: 41 | AY8: 13 | AZ8: 3.63 | BA8: 2.46 | BB8: 7.71 | BC8: 43.4 | BD8: 未见APVT试验 | BE8: 45 | BF8: 0 | BG8: 77 | BH8: 8.32 | BI8: 1 | BJ8: 13 | BK8: 0 | BL8: 0 | BM8: 0 | BN8: 0 | BO8: 3 | BP8: 0 | BQ8: 0 | BR8: 1 | BS8: 0 | BT8: 0 | BU8: 1 | BV8: 0 | BW8: 1 | BX8: 0 | BY8: 0 | BZ8: 1 | CA8: 1 | CB8: 1
A9: 2022年11月 | B9: A8 | C9: BF0001125E2 | D9: 4号冰箱#1-1-2-1 | E9: No T4PNK treatment | F9: TRUE | G9: FALSE | H9: GDM20230502-V_GTAGAGAG | I9: G2790 | J9: 肺动脉高压 | K9: 北京协和医院 | L9: 荆志成 | M9: Plasma | N9: 0 | O9: 0 | P9: s49 | Q9: GTAGAGAG | R9: 0 | S9: LXY | T9: 20230427 | U9: 4.9 | V9: 6.122449 | W9: 30 | X9: 180 | Y9: 20230502 | Z9: V | AA9: Nova-seq | AB9: 0 | AC9: 海普洛斯 | AD9: 0 | AE9: IPAH/HPAH | AF9: bf0001125 | AG9: IPAH/HPAH | AH9: b2096 | AI9: 李海峰 | AJ9: 42462 | AK9: 风湿性心脏病，二尖瓣置换术后 pah | AL9: 1 | AM9: 39 | AN9: 445 | AO9: 3 | AP9: 95 | AQ9: 180 | AR9: 0 | AS9: 0 | AT9: 139 | AU9: 55 | AV9: 71 | AW9: 19 | AX9: 58 | AY9: 22 | AZ9: 10.47 | BA9: 4.61 | BB9: 3.44 | BC9: 65.2 | BD9: 0 | BE9: 0 | BF9: 0 | BG9: 87.97 | BH9: 6.33 | BI9: 0 | BJ9: 0 | BK9: 0 | BL9: 0 | BM9: 0 | BN9: 43791 | BO9: 0 | BP9: 0 | BQ9: 0 | BR9: 0 | BS9: 0 | BT9: 0 | BU9: 0 | BV9: 0 | BW9: 0 | BX9: 0 | BY9: 0 | BZ9: 0 | CA9: 0 | CB9: 0
A10: 2022年11月 | B10: A9 | C10: BF0003212E3 | D10: 4号冰箱#1-1-2-1 | E10: No T4PNK treatment | F10: TRUE | G10: FALSE | H10: GDM20230502-V_CCTCTCTG | I10: G2791 | J10: 肺动脉高压 | K10: 北京协和医院 | L10: 荆志成 | M10: Plasma | N10: 0 | O10: 0 | P10: S88 | Q10: CCTCTCTG | R10: 0 | S10: LXY | T10: 20230427 | U10: 5.28 | V10: 5.6818182 | W10: 30 | X10: 180 | Y10: 20230502 | Z10: V | AA10: Nova-seq | AB10: 0 | AC10: 海普洛斯 | AD10: 2022.11.11 | AE10: IPAH/HPAH | AF10: bf0003212 | AG10: IPAH/HPAH | AH10: b735 | AI10: 朱欢 | AJ10: 42922 | AK10: 肺动脉高压,心脏扩大,心功能Ⅱ级(NYHA分级) | AL10: 2 | AM10: 32 | AN10: 603 | AO10: 1 | AP10: 50 | AQ10: 161 | AR10: 1.59 | AS10: 0 | AT10: 104 | AU10: 60 | AV10: 72 | AW10: 4 | AX10: 42 | AY10: 7 | AZ10: 4.63 | BA10: 2.91 | BB10: 7.56 | BC10: 71.5 | BD10: 0 | BE10: 179 | BF10: 0 | BG10: 67.08 | BH10: 4 | BI10: 0 | BJ10: 42 | BK10: 0 | BL10: 0 | BM10: 0 | BN10: 43830 | BO10: 4 | BP10: 1 | BQ10: 0 | BR10: 0 | BS10: 0 | BT10: 0 | BU10: 0 | BV10: 0 | BW10: 1 | BX10: 0 | BY10: 0 | BZ10: 0 | CA10: 0 | CB10: 0
A11: 2022年11月 | B11: B1 | C11: BF0007603E1 | D11: 4号冰箱#1-1-2-1 | E11: No T4PNK treatment | F11: TRUE | G11: FALSE | H11: GDM20230502-V_CAGCCTCG | I11: G2792 | J11: 肺动脉高压 | K11: 北京协和医院 | L11: 荆志成 | M11: Plasma | N11: 0 | O11: 0 | P11: S89 | Q11: CAGCCTCG | R11: 0 | S11: LXY | T11: 20230427 | U11: 4.62 | V11: 6.4935065 | W11: 30 | X11: 180 | Y11: 20230502 | Z11: V | AA11: Nova-seq | AB11: 0 | AC11: 海普洛斯 | AD11: 2022.11.11 | AE11: IPAH/HPAH | AF11: bf0007603 | AG11: IPAH/HPAH | AH11: b5029 | AI11: 左红娜 | AJ11: 43690 | AK11: 特发性肺动脉高压，心脏扩大，三尖瓣轻中度关闭不全，心功能ii级，甲状腺结节 | AL11: 2 | AM11: 40 | AN11: 0 | AO11: 2 | AP11: 55 | AQ11: 161 | AR11: 1.65 | AS11: 0 | AT11: 105 | AU11: 70 | AV11: 68 | AW11: 3 | AX11: 55 | AY11: 13 | AZ11: 3.23 | BA11: 1.95 | BB11: 13 | BC11: 63.6 | BD11: 0 | BE11: 0 | BF11: 0 | BG11: 0 | BH11: 0 | BI11: 0 | BJ11: 0 | BK11: 0 | BL11: 0 | BM11: 0 | BN11: 0 | BO11: 0 | BP11: 0 | BQ11: 0 | BR11: 0 | BS11: 0 | BT11: 0 | BU11: 0 | BV11: 0 | BW11: 0 | BX11: 0 | BY11: 0 | BZ11: 0 | CA11: 0 | CB11: 0
A12: 2022年11月 | B12: B2 | C12: BF0005083E4 | D12: 4号冰箱#1-1-2-1 | E12: No T4PNK treatment | F12: TRUE | G12: FALSE | H12: GDM20230502-V_GTAAGGAG | I12: G2793 | J12: 肺动脉高压 | K12: 北京协和医院 | L12: 荆志成 | M12: Plasma | N12: 0 | O12: 0 | P12: S90 | Q12: GTAAGGAG | R12: 0 | S12: LXY | T12: 20230427 | U12: 8.14 | V12: 3.6855037 | W12: 30 | X12: 180 | Y12: 20230502 | Z12: V | AA12: Nova-seq | AB12: 0 | AC12: 海普洛斯 | AD12: 2022.11.11 | AE12: IPAH/HPAH | AF12: bf0005083 | AG12: IPAH/HPAH | AH12: b3936 | AI12: 鞠雯 | AJ12: 43240 | AK12: 特发性肺动脉高压,慢性肺源性心脏病,心脏扩大,心功能III级(NYHA分级),心包积液,甲状腺功能减退 | AL12: 2 | AM12: 35 | AN12: 468 | AO12: 2 | AP12: 57 | AQ12: 163 | AR12: 1.69 | AS12: 0 | AT12: 94 | AU12: 50 | AV12: 91 | AW12: 12 | AX12: 57 | AY12: 10 | AZ12: 3.53 | BA12: 2.09 | BB12: 13.31 | BC12: 57.9 | BD12: 未见APVT试验 | BE12: 6611 | BF12: 0 | BG12: 68 | BH12: 6.14 | BI12: 0 | BJ12: 36 | BK12: 0 | BL12: 0 | BM12: 0 | BN12: 43791 | BO12: 3 | BP12: 0 | BQ12: 0 | BR12: 1 | BS12: 0 | BT12: 0 | BU12: 1 | BV12: 0 | BW12: 1 | BX12: 0 | BY12: 0 | BZ12: 1 | CA12: 1 | CB12: 1
A13: 2022年11月 | B13: B4 | C13: SVC001358E2 | D13: 4号冰箱#1-1-2-1 | E13: No T4PNK treatment | F13: TRUE | G13: FALSE | H13: GDM20230502-V_ACTGCATA | I13: G2795 | J13: 肺动脉高压 | K13: 北京协和医院 | L13: 荆志成 | M13: Plasma | N13: 0 | O13: 0 | P13: S92 | Q13: ACTGCATA | R13: 0 | S13: LXY | T13: 20230427 | U13: 10.9 | V13: 2.7522936 | W13: 30 | X13: 180 | Y13: 20230502 | Z13: V | AA13: Nova-seq | AB13: 0 | AC13: 海普洛斯 | AD13: 2022.11.11 | AE13: IPAH/HPAH | AF13: svc001358 | AG13: IPAH/HPAH | AH13: b2253 | AI13: 李锐 | AJ13: 42796 | AK13: 特发性肺动脉高压,心脏扩大,心功能Ⅱ级(NYHA分级) | AL13: 2 | AM13: 27 | AN13: 470 | AO13: 1 | AP13: 53 | AQ13: 162 | AR13: 1.64 | AS13: 0 | AT13: 106 | AU13: 69 | AV13: 67 | AW13: 5 | AX13: 41 | AY13: 6 | AZ13: 3.4 | BA13: 2.07 | BB13: 10.29 | BC13: 67.4 | BD13: 0 | BE13: 504 | BF13: 0 | BG13: 69.33 | BH13: 3.76 | BI13: 0 | BJ13: 61 | BK13: 0 | BL13: 0 | BM13: 0 | BN13: 43817 | BO13: 4 | BP13: 1 | BQ13: 0 | BR13: 0 | BS13: 0 | BT13: 0 | BU13: 1 | BV13: 0 | BW13: 0 | BX13: 0 | BY13: 0 | BZ13: 0 | CA13: 0 | CB13: 1
A14: 2022年11月 | B14: B5 | C14: BF0001790E3 | D14: 4号冰箱#1-1-2-1 | E14: No T4PNK treatment | F14: TRUE | G14: FALSE | H14: GDM20230502-V_AAGGAGTA | I14: G2796 | J14: 肺动脉高压 | K14: 北京协和医院 | L14: 荆志成 | M14: Plasma | N14: 0 | O14: 0 | P14: S93 | Q14: AAGGAGTA | R14: 0 | S14: LXY | T14: 20230427 | U14: 8 | V14: 3.75 | W14: 30 | X14: 180 | Y14: 20230502 | Z14: V | AA14: Nova-seq | AB14: 0 | AC14: 海普洛斯 | AD14: 0 | AE14: IPAH/HPAH | AF14: bf0001790 | AG14: IPAH/HPAH | AH14: b1319 | AI14: 梁红霞 | AJ14: 42628 | AK14: 特发性肺动脉高压,慢性肺源性心脏病,心脏扩大,心包积液,心功能III级(NYHA分级),结缔组织病,肝功能异常 | AL14: 2 | AM14: 34 | AN14: 360 | AO14: 2 | AP14: 68 | AQ14: 166 | AR14: 1.85 | AS14: 0 | AT14: 103 | AU14: 73 | AV14: 77 | AW14: 9 | AX14: 62 | AY14: 11 | AZ14: 4.23 | BA14: 2.29 | BB14: 12.06 | BC14: 68.4 | BD14: 0 | BE14: 4360 | BF14: 0 | BG14: 84.31 | BH14: 6.96 | BI14: 0 | BJ14: 74 | BK14: 0 | BL14: 0 | BM14: 0 | BN14: 43818 | BO14: 4 | BP14: 1 | BQ14: 0 | BR14: 0 | BS14: 0 | BT14: 0 | BU14: 1 | BV14: 0 | BW14: 0 | BX14: 0 | BY14: 0 | BZ14: 0 | CA14: 1 | CB14: 1
A15: 2022年11月 | B15: B6 | C15: SVC001734E2 | D15: 4号冰箱#1-1-2-1 | E15: No T4PNK treatment | F15: TRUE | G15: FALSE | H15: GDM20230502-V_CTAAGCCT | I15: G2797 | J15: 肺动脉高压 | K15: 北京协和医院 | L15: 荆志成 | M15: Plasma | N15: 0 | O15: 0 | P15: S94 | Q15: CTAAGCCT | R15: 0 | S15: LXY | T15: 20230427 | U15: 7.42 | V15: 4.0431267 | W15: 30 | X15: 180 | Y15: 20230502 | Z15: V | AA15: Nova-seq | AB15: 0 | AC15: 海普洛斯 | AD15: 2022.11.11 | AE15: IPAH/HPAH | AF15: svc001734 | AG15: IPAH/HPAH | AH15: b3237 | AI15: 张丽 | AJ15: 42943 | AK15: 特发性肺动脉高压,心脏扩大,心功能Ⅱ级(NYHA分级) | AL15: 2 | AM15: 28 | AN15: 348 | AO15: 1 | AP15: 50 | AQ15: 162 | AR15: 1.6 | AS15: 0 | AT15: 102 | AU15: 66 | AV15: 75 | AW15: 2 | AX15: 52 | AY15: 6 | AZ15: 4.03 | BA15: 2.52 | BB15: 11.41 | BC15: 71.2 | BD15: 0 | BE15: 177 | BF15: 0 | BG15: 55.13 | BH15: 4.2 | BI15: 0 | BJ15: 45 | BK15: 0 | BL15: 0 | BM15: 0 | BN15: 43818 | BO15: 4 | BP15: 1 | BQ15: 0 | BR15: 0 | BS15: 0 | BT15: 0 | BU15: 1 | BV15: 0 | BW15: 0 | BX15: 0 | BY15: 0 | BZ15: 0 | CA15: 0 | CB15: 1
A16: 2022年11月 | B16: B7 | C16: BF0002929E3 | D16: 4号冰箱#1-1-2-1 | E16: No T4PNK treatment | F16: TRUE | G16: FALSE | H16: GDM20230502-V_TCTCTCCG | I16: G2798 | J16: 肺动脉高压 | K16: 北京协和医院 | L16: 荆志成 | M16: Plasma | N16: 0 | O16: 0 | P16: S95 | Q16: TCTCTCCG | R16: 0 | S16: LXY | T16: 20230427 | U16: 4.22 | V16: 7.1090047 | W16: 30 | X16: 180 | Y16: 20230502 | Z16: V | AA16: Nova-seq | AB16: 0 | AC16: 海普洛斯 | AD16: 2022.11.11 | AE16: IPAH/HPAH | AF16: bf0002929 | AG16: IPAH/HPAH | AH16: b1276 | AI16: 王秀芬 | AJ16: 42853 | AK16: 特发性肺动脉高压,心脏扩大,心功能Ⅱ--Ⅲ级(NYHA分级),冠状动脉粥样硬化,高脂血症 | AL16: 2 | AM16: 52 | AN16: 495 | AO16: 2 | AP16: 66 | AQ16: 155 | AR16: 1.75 | AS16: 0 | AT16: 135 | AU16: 78 | AV16: 101 | AW16: 6 | AX16: 64 | AY16: 9 | AZ16: 4.67 | BA16: 2.67 | BB16: 11.78 | BC16: 66 | BD16: 0 | BE16: 24 | BF16: 0 | BG16: 58.52 | BH16: 4.91 | BI16: 0 | BJ16: 56 | BK16: 0 | BL16: 0 | BM16: 0 | BN16: 43818 | BO16: 4 | BP16: 1 | BQ16: 0 | BR16: 0 | BS16: 1 | BT16: 0 | BU16: 0 | BV16: 0 | BW16: 0 | BX16: 0 | BY16: 0 | BZ16: 0 | CA16: 1 | CB16: 1
A17: 2022年11月 | B17: B8 | C17: BF0000459E2 | D17: 4号冰箱#1-1-2-1 | E17: No T4PNK treatment | F17: TRUE | G17: FALSE | H17: GDM20230502-V_GCGTAAGA | I17: G2799 | J17: 肺动脉高压 | K17: 北京协和医院 | L17: 荆志成 | M17: Plasma | N17: 0 | O17: 0 | P17: S96 | Q17: GCGTAAGA | R17: 0 | S17: LXY | T17: 20230427 | U17: 3.78 | V17: 7.9365079 | W17: 30 | X17: 180 | Y17: 20230502 | Z17: V | AA17: Nova-seq | AB17: 0 | AC17: 海普洛斯 | AD17: 0 | AE17: IPAH/HPAH | AF17: bf0000459 | AG17: IPAH/HPAH | AH17: b1697 | AI17: 王茹 | AJ17: 42272 | AK17: IPAH，APVT阳性 | AL17: 2 | AM17: 23 | AN17: 0 | AO17: 3 | AP17: 47 | AQ17: 162 | AR17: 1.49 | AS17: 53 | AT17: 102 | AU17: 75 | AV17: 78 | AW17: 13 | AX17: 44 | AY17: 9 | AZ17: 4.19 | BA17: 3.49 | BB17: 8.46 | BC17: 71.4 | BD17: 1 | BE17: 1901 | BF17: 0 | BG17: 0 | BH17: 0 | BI17: 0 | BJ17: 0 | BK17: 0 | BL17: 0 | BM17: 0 | BN17: 43829 | BO17: 2 | BP17: 0 | BQ17: 1 | BR17: 0 | BS17: 1 | BT17: 0 | BU17: 0 | BV17: 0 | BW17: 0 | BX17: 0 | BY17: 0 | BZ17: 0 | CA17: 1 | CB17: 1
A18: 2022年11月 | B18: B9 | C18: BF0003334E3 | D18: 4号冰箱#1-1-2-1 | E18: No T4PNK treatment | F18: TRUE | G18: FALSE | H18: GDM20230502-V_TAGATCGC | I18: G2800 | J18: 肺动脉高压 | K18: 北京协和医院 | L18: 荆志成 | M18: Plasma | N18: 0 | O18: 0 | P18: S97 | Q18: TAGATCGC | R18: 0 | S18: LXY | T18: 20230427 | U18: 5.14 | V18: 5.8365759 | W18: 30 | X18: 180 | Y18: 20230502 | Z18: V | AA18: Nova-seq | AB18: 0 | AC18: 海普洛斯 | AD18: 2022.11.11 | AE18: IPAH/HPAH | AF18: bf0003334 | AG18: IPAH/HPAH | AH18: b495 | AI18: 李芬 | AJ18: 42907 | AK18: 原发性肺动脉高压(特发性),心脏扩大,心功能Ⅲ级 | AL18: 2 | AM18: 43 | AN18: 340 | AO18: 2 | AP18: 40 | AQ18: 150 | AR18: 1.4 | AS18: 0 | AT18: 119 | AU18: 81 | AV18: 75 | AW18: 8 | AX18: 46 | AY18: 11 | AZ18: 2.28 | BA18: 1.63 | BB18: 15.35 | BC18: 59.7 | BD18: 0 | BE18: 981.2 | BF18: 0 | BG18: 63 | BH18: 3.29 | BI18: 1 | BJ18: 55 | BK18: 0 | BL18: 1 | BM18: 43439 | BN18: 0 | BO18: 4 | BP18: 1 | BQ18: 0 | BR18: 0 | BS18: 0 | BT18: 0 | BU18: 1 | BV18: 0 | BW18: 0 | BX18: 0 | BY18: 0 | BZ18: 0 | CA18: 1 | CB18: 1
A19: 2022年11月 | B19: C1 | C19: BF0001995E4 | D19: 4号冰箱#1-1-2-1 | E19: No T4PNK treatment | F19: TRUE | G19: FALSE | H19: GDM20230502-V_CTCTCTAT | I19: G2801 | J19: 肺动脉高压 | K19: 北京协和医院 | L19: 荆志成 | M19: Plasma | N19: 0 | O19: 0 | P19: S98 | Q19: CTCTCTAT | R19: 0 | S19: LXY | T19: 20230427 | U19: 6.06 | V19: 4.950495 | W19: 30 | X19: 180 | Y19: 20230502 | Z19: V | AA19: Nova-seq | AB19: 0 | AC19: 海普洛斯 | AD19: 2022.11.11 | AE19: IPAH/HPAH | AF19: bf0001995 | AG19: IPAH/HPAH | AH19: b2604 | AI19: 丁清丽 | AJ19: 42686 | AK19: 特发性肺动脉高压,心脏扩大,心功能III级(NYHA分级) | AL19: 2 | AM19: 23 | AN19: 540 | AO19: 2 | AP19: 69 | AQ19: 183 | AR19: 1.96 | AS19: 0 | AT19: 93 | AU19: 60 | AV19: 93 | AW19: 3 | AX19: 71 | AY19: 7 | AZ19: 3.03 | BA19: 1.55 | BB19: 21.12 | BC19: 62.4 | BD19: 0 | BE19: 6524 | BF19: 0 | BG19: 56.55 | BH19: 5.5 | BI19: 0 | BJ19: 56 | BK19: 0 | BL19: 0 | BM19: 0 | BN19: 43817 | BO19: 3 | BP19: 0 | BQ19: 0 | BR19: 1 | BS19: 0 | BT19: 0 | BU19: 1 | BV19: 0 | BW19: 1 | BX19: 0 | BY19: 0 | BZ19: 1 | CA19: 1 | CB19: 1
A20: 2022年11月 | B20: C2 | C20: BF0003671E2 | D20: 4号冰箱#1-1-2-1 | E20: No T4PNK treatment | F20: TRUE | G20: FALSE | H20: GDM20230502-V_AGAGTAGA | I20: G2802 | J20: 肺动脉高压 | K20: 北京协和医院 | L20: 荆志成 | M20: Plasma | N20: 0 | O20: 0 | P20: S99 | Q20: AGAGTAGA | R20: 0 | S20: LXY | T20: 20230427 | U20: 6.24 | V20: 4.8076923 | W20: 30 | X20: 180 | Y20: 20230502 | Z20: V | AA20: Nova-seq | AB20: 0 | AC20: 海普洛斯 | AD20: 2022.11.11 | AE20: IPAH/HPAH | AF20: bf0003671 | AG20: IPAH/HPAH | AH20: b367 | AI20: 赵梓轶 | AJ20: 42973 | AK20: 特发性肺动脉高压 | AL20: 2 | AM20: 9 | AN20: 0 | AO20: 0 | AP20: 30 | AQ20: 143 | AR20: 1.23 | AS20: 0 | AT20: 115 | AU20: 67 | AV20: 104 | AW20: 6 | AX20: 35 | AY20: 11 | AZ20: 5.67 | BA20: 4.61 | BB20: 4.23 | BC20: 81.1 | BD20: 0 | BE20: 0 | BF20: 0 | BG20: 0 | BH20: 0 | BI20: 0 | BJ20: 0 | BK20: 0 | BL20: 0 | BM20: 0 | BN20: 0 | BO20: 0 | BP20: 0 | BQ20: 0 | BR20: 0 | BS20: 0 | BT20: 0 | BU20: 0 | BV20: 0 | BW20: 0 | BX20: 0 | BY20: 0 | BZ20: 0 | CA20: 0 | CB20: 0
A21: 2022年11月 | B21: C3 | C21: BF0003467E1 | D21: 4号冰箱#1-1-2-1 | E21: No T4PNK treatment | F21: TRUE | G21: FALSE | H21: GDM20230502-V_AGCGTAGC | I21: G2803 | J21: 肺动脉高压 | K21: 北京协和医院 | L21: 荆志成 | M21: Plasma | N21: 0 | O21: 0 | P21: S25 | Q21: AGCGTAGC | R21: 0 | S21: LXY | T21: 20230427 | U21: 9.22 | V21: 3.2537961 | W21: 30 | X21: 180 | Y21: 20230502 | Z21: V | AA21: Nova-seq | AB21: 0 | AC21: 海普洛斯 | AD21: 2022.11.11 | AE21: IPAH/HPAH | AF21: bf0003467 | AG21: IPAH/HPAH | AH21: b1949 | AI21: 曹永玲 | AJ21: 42944 | AK21: 特发性肺动脉高压,慢性肺源性心脏病,心脏扩大,心功能III级(NYHA分级),子宫良性肿瘤 | AL21: 2 | AM21: 38 | AN21: 330 | AO21: 2 | AP21: 47 | AQ21: 154 | AR21: 1.51 | AS21: 0 | AT21: 90 | AU21: 49 | AV21: 71 | AW21: 3 | AX21: 72 | AY21: 7 | AZ21: 3.4 | BA21: 2.25 | BB21: 19.12 | BC21: 70.8 | BD21: 0 | BE21: 613 | BF21: 0 | BG21: 50.58 | BH21: 4.71 | BI21: 0 | BJ21: 65 | BK21: 0 | BL21: 0 | BM21: 0 | BN21: 43817 | BO21: 2 | BP21: 0 | BQ21: 1 | BR21: 0 | BS21: 0 | BT21: 0 | BU21: 1 | BV21: 1 | BW21: 0 | BX21: 0 | BY21: 0 | BZ21: 0 | CA21: 0 | CB21: 0
A22: 2022年11月 | B22: C4 | C22: BF0005110E4 | D22: 4号冰箱#1-1-2-1 | E22: No T4PNK treatment | F22: TRUE | G22: FALSE | H22: GDM20230502-V_TCGCCTTA | I22: G2804 | J22: 肺动脉高压 | K22: 北京协和医院 | L22: 荆志成 | M22: Plasma | N22: 0 | O22: 0 | P22: S37 | Q22: TCGCCTTA | R22: 0 | S22: LXY | T22: 20230427 | U22: 4.38 | V22: 6.8493151 | W22: 30 | X22: 180 | Y22: 20230502 | Z22: V | AA22: Nova-seq | AB22: 0 | AC22: 海普洛斯 | AD22: 2022.11.11 | AE22: IPAH/HPAH | AF22: bf0005110 | AG22: IPAH/HPAH | AH22: b1534 | AI22: 邢秀芬 | AJ22: 43243 | AK22: 特发性肺动脉高压,心脏扩大,卵圆孔未闭,心功能III级(NYHA分级),高血压 | AL22: 2 | AM22: 50 | AN22: #NULL! | AO22: 2 | AP22: 55 | AQ22: 165 | AR22: 1.68 | AS22: 0 | AT22: 106 | AU22: 65 | AV22: 88 | AW22: 4 | AX22: 64 | AY22: 11 | AZ22: 3.26 | BA22: 1.94 | BB22: 16.24 | BC22: 56.5 | BD22: 0 | BE22: 4910 | BF22: 0 | BG22: 79.9 | BH22: 7.77 | BI22: 0 | BJ22: 71 | BK22: 0 | BL22: 0 | BM22: 0 | BN22: 43818 | BO22: 2 | BP22: 0 | BQ22: 1 | BR22: 0 | BS22: 0 | BT22: 0 | BU22: 1 | BV22: 0 | BW22: 0 | BX22: 0 | BY22: 1 | BZ22: 0 | CA22: 1 | CB22: 1
A23: 2022年11月 | B23: C5 | C23: BF0000336E1 | D23: 4号冰箱#1-1-2-1 | E23: No T4PNK treatment | F23: TRUE | G23: FALSE | H23: GDM20230512-I_CTAGTACG | I23: G2805 | J23: 肺动脉高压 | K23: 北京协和医院 | L23: 荆志成 | M23: Plasma | N23: 0 | O23: 0 | P23: s39 | Q23: CTAGTACG | R23: 0 | S23: LXY | T23: 20230503 | U23: 3.06 | V23: 9.8039216 | W23: 30 | X23: 192 | Y23: 20230512 | Z23: I | AA23: Nova-seq | AB23: 6 | AC23: 海普洛斯 | AD23: 0 | AE23: CHD-ASD-PH | AF23: bf0000336 | AG23: CHD-ASD-PH | AH23: b1622 | AI23: 郭子雅 | AJ23: 42235 | AK23: 先天性心脏病，房间隔缺损（II孔中央型6mm），肺动脉高压 | AL23: 2 | AM23: 4 | AN23: 0 | AO23: 0 | AP23: 20 | AQ23: 116 | AR23: 0.95 | AS23: 0 | AT23: 99 | AU23: 52 | AV23: 113 | AW23: 7 | AX23: 68 | AY23: 15 | AZ23: 6.78 | BA23: 0 | BB23: 0 | BC23: 0 | BD23: 0 | BE23: 0 | BF23: 0 | BG23: 0 | BH23: 0 | BI23: 0 | BJ23: 0 | BK23: 0 | BL23: 0 | BM23: 0 | BN23: 0 | BO23: 0 | BP23: 0 | BQ23: 0 | BR23: 0 | BS23: 0 | BT23: 0 | BU23: 0 | BV23: 0 | BW23: 0 | BX23: 0 | BY23: 0 | BZ23: 0 | CA23: 0 | CB23: 0
A24: 2022年11月 | B24: C7 | C24: BF0007125E4 | D24: 4号冰箱#1-1-2-1 | E24: No T4PNK treatment | F24: TRUE | G24: FALSE | H24: GDM20230512-I_GCTCAGGA | I24: G2807 | J24: 肺动脉高压 | K24: 北京协和医院 | L24: 荆志成 | M24: Plasma | N24: 0 | O24: 0 | P24: s43 | Q24: GCTCAGGA | R24: 0 | S24: LXY | T24: 20230503 | U24: 5.96 | V24: 5.033557 | W24: 30 | X24: 192 | Y24: 20230512 | Z24: I | AA24: Nova-seq | AB24: 6 | AC24: 海普洛斯 | AD24: 2022.11.11 | AE24: IPAH/HPAH | AF24: bf0007125 | AG24: IPAH/HPAH | AH24: b2033 | AI24: 张明谦 | AJ24: 43609 | AK24: 肺动脉高压,心脏扩大,心功能III级(NYHA分级),肺静脉闭塞,肺毛细血管瘤样病变,高血压 | AL24: 1 | AM24: 23 | AN24: #NULL! | AO24: 2 | AP24: 97 | AQ24: 172 | AR24: 2.24 | AS24: 0 | AT24: 119 | AU24: 90 | AV24: 84 | AW24: 10 | AX24: 100 | AY24: 9 | AZ24: 2.82 | BA24: 1.26 | BB24: 32.98 | BC24: 54.3 | BD24: 0 | BE24: 2128 | BF24: 0 | BG24: 93.32 | BH24: 5.65 | BI24: 0 | BJ24: 64 | BK24: 0 | BL24: 0 | BM24: 0 | BN24: 43830 | BO24: 2 | BP24: 0 | BQ24: 1 | BR24: 0 | BS24: 0 | BT24: 0 | BU24: 1 | BV24: 0 | BW24: 1 | BX24: 0 | BY24: 0 | BZ24: 0 | CA24: 1 | CB24: 1
A25: 2022年11月 | B25: D1 | C25: BF0005442E5 | D25: 4号冰箱#1-1-2-1 | E25: No T4PNK treatment | F25: TRUE | G25: FALSE | H25: GDM20230512-I_GTAGAGAG | I25: G2810 | J25: 肺动脉高压 | K25: 北京协和医院 | L25: 荆志成 | M25: Plasma | N25: 0 | O25: 0 | P25: s49 | Q25: GTAGAGAG | R25: 0 | S25: LXY | T25: 20230503 | U25: 7.78 | V25: 3.8560411 | W25: 30 | X25: 192 | Y25: 20230512 | Z25: I | AA25: Nova-seq | AB25: 6 | AC25: 海普洛斯 | AD25: 2022.11.11 | AE25: IPAH/HPAH | AF25: bf0005442 | AG25: IPAH/HPAH | AH25: b3995 | AI25: 曾晗祥璇 | AJ25: 43296 | AK25: 特发性肺动脉高压，慢性肺源性心脏病，心脏扩大 | AL25: 2 | AM25: 18 | AN25: 333 | AO25: 2 | AP25: 46 | AQ25: 161 | AR25: 1.54 | AS25: 0 | AT25: 94 | AU25: 71 | AV25: 111 | AW25: 4 | AX25: 57 | AY25: 5 | AZ25: 4.57 | BA25: 2.96 | BB25: 11.38 | BC25: 74.2 | BD25: 未见APVT试验 | BE25: 101 | BF25: 0 | BG25: 90.67 | BH25: 6.8 | BI25: 0 | BJ25: 0 | BK25: 0 | BL25: 0 | BM25: 0 | BN25: 0 | BO25: 0 | BP25: 0 | BQ25: 0 | BR25: 0 | BS25: 0 | BT25: 0 | BU25: 0 | BV25: 0 | BW25: 0 | BX25: 0 | BY25: 0 | BZ25: 0 | CA25: 0 | CB25: 0
A26: 2022年11月 | B26: D2 | C26: svc001619e5 | D26: 4号冰箱#1-1-2-1 | E26: No T4PNK treatment | F26: TRUE | G26: FALSE | H26: GDM20230512-I_CCTCTCTG | I26: G2811 | J26: 肺动脉高压 | K26: 北京协和医院 | L26: 荆志成 | M26: Plasma | N26: 0 | O26: 0 | P26: S88 | Q26: CCTCTCTG | R26: 0 | S26: LXY | T26: 20230504 | U26: 3.06 | V26: 9.8039216 | W26: 30 | X26: 192 | Y26: 20230512 | Z26: I | AA26: Nova-seq | AB26: 6 | AC26: 海普洛斯 | AD26: 0 | AE26: IPAH/HPAH | AF26: svc001619 | AG26: IPAH/HPAH | AH26: b3161 | AI26: 沙保娟 | AJ26: 42908 | AK26: 特发性肺动脉高压,心脏扩大,三尖瓣关闭不全,心功能III级(NYHA分级),功能性子宫出血 | AL26: 2 | AM26: 31 | AN26: #NULL! | AO26: 2 | AP26: 52.5 | AQ26: 163 | AR26: 1.64 | AS26: 0 | AT26: 102 | AU26: 66 | AV26: 55 | AW26: 7 | AX26: 38 | AY26: 8 | AZ26: 3.53 | BA26: 2.15 | BB26: 8.78 | BC26: 63.3 | BD26: 0 | BE26: 711 | BF26: 0 | BG26: 83.48 | BH26: 6 | BI26: 0 | BJ26: 47 | BK26: 0 | BL26: 0 | BM26: 0 | BN26: 43822 | BO26: 2 | BP26: 0 | BQ26: 1 | BR26: 0 | BS26: 0 | BT26: 0 | BU26: 1 | BV26: 0 | BW26: 1 | BX26: 0 | BY26: 0 | BZ26: 0 | CA26: 0 | CB26: 1
A27: 2022年11月 | B27: D3 | C27: BF0001366E2 | D27: 4号冰箱#1-1-2-1 | E27: No T4PNK treatment | F27: TRUE | G27: FALSE | H27: GDM20230512-I_CAGCCTCG | I27: G2812 | J27: 肺动脉高压 | K27: 北京协和医院 | L27: 荆志成 | M27: Plasma | N27: 0 | O27: 0 | P27: S89 | Q27: CAGCCTCG | R27: 0 | S27: LXY | T27: 20230504 | U27: 8.6 | V27: 3.4883721 | W27: 30 | X27: 192 | Y27: 20230512 | Z27: I | AA27: Nova-seq | AB27: 6 | AC27: 海普洛斯 | AD27: 0 | AE27: IPAH/HPAH | AF27: bf0001366 | AG27: IPAH/HPAH | AH27: 27 | AI27: 张静函 | AJ27: 42534 | AK27: ipah | AL27: 2 | AM27: 25 | AN27: 0 | AO27: 0 | AP27: 49 | AQ27: 164 | AR27: 1.6 | AS27: 0 | AT27: 99 | AU27: 65 | AV27: 82 | AW27: 11 | AX27: 67 | AY27: 10 | AZ27: 4.13 | BA27: 2.58 | BB27: 13.8 | BC27: 69.4 | BD27: 未见APVT试验 | BE27: 0 | BF27: 0 | BG27: 0 | BH27: 0 | BI27: 0 | BJ27: 0 | BK27: 0 | BL27: 0 | BM27: 0 | BN27: 0 | BO27: 0 | BP27: 0 | BQ27: 0 | BR27: 0 | BS27: 0 | BT27: 0 | BU27: 0 | BV27: 0 | BW27: 0 | BX27: 0 | BY27: 0 | BZ27: 0 | CA27: 0 | CB27: 0
A28: 2022年11月 | B28: D5 | C28: BF0002090E1 | D28: 4号冰箱#1-1-2-1 | E28: No T4PNK treatment | F28: TRUE | G28: FALSE | H28: GDM20230512-I_TCCTCTAC | I28: G2814 | J28: 肺动脉高压 | K28: 北京协和医院 | L28: 荆志成 | M28: Plasma | N28: 0 | O28: 0 | P28: S91 | Q28: TCCTCTAC | R28: 0 | S28: LXY | T28: 20230504 | U28: 6.68 | V28: 4.491018 | W28: 30 | X28: 192 | Y28: 20230512 | Z28: I | AA28: Nova-seq | AB28: 6 | AC28: 海普洛斯 | AD28: 2022.11.11 | AE28: IPAH/HPAH | AF28: bf0002090 | AG28: IPAH/HPAH | AH28: b2663 | AI28: 吴亚涛 | AJ28: 42703 | AK28: ipah,pvod待除外 | AL28: 1 | AM28: 16 | AN28: 520 | AO28: 2 | AP28: 62 | AQ28: 174 | AR28: 1.82 | AS28: 0 | AT28: 112 | AU28: 51 | AV28: 68 | AW28: 4 | AX28: 51 | AY28: 9 | AZ28: 6.93 | BA28: 3.81 | BB28: 6.06 | BC28: 72.6 | BD28: 0 | BE28: 19 | BF28: 0 | BG28: 63.33 | BH28: 5.11 | BI28: 0 | BJ28: 0 | BK28: 0 | BL28: 0 | BM28: 0 | BN28: 43830 | BO28: 0 | BP28: 0 | BQ28: 0 | BR28: 0 | BS28: 0 | BT28: 0 | BU28: 0 | BV28: 0 | BW28: 0 | BX28: 0 | BY28: 0 | BZ28: 0 | CA28: 0 | CB28: 0
A29: 2022年11月 | B29: D6 | C29: BF0004516E3 | D29: 4号冰箱#1-1-2-1 | E29: No T4PNK treatment | F29: TRUE | G29: FALSE | H29: GDM20230512-I_ACTGCATA | I29: G2815 | J29: 肺动脉高压 | K29: 北京协和医院 | L29: 荆志成 | M29: Plasma | N29: 0 | O29: 0 | P29: S92 | Q29: ACTGCATA | R29: 0 | S29: LXY | T29: 20230504 | U29: 5.88 | V29: 5.1020408 | W29: 30 | X29: 192 | Y29: 20230512 | Z29: I | AA29: Nova-seq | AB29: 6 | AC29: 海普洛斯 | AD29: 2022.11.11 | AE29: IPAH/HPAH | AF29: bf0004516 | AG29: IPAH/HPAH | AH29: b3656 | AI29: 王富娟 | AJ29: 43133 | AK29: 特发性肺动脉高压,心脏扩大,非风湿性三尖瓣关闭不全,心功能Ⅱ级(NYHA分级) | AL29: 2 | AM29: 37 | AN29: 482 | AO29: 1 | AP29: 66 | AQ29: 164 | AR29: 1.81 | AS29: 0 | AT29: 101 | AU29: 65 | AV29: 71 | AW29: 4 | AX29: 73 | AY29: 8 | AZ29: 4.93 | BA29: 2.73 | BB29: 13.18 | BC29: 68.8 | BD29: 0 | BE29: 980 | BF29: 0 | BG29: 62 | BH29: 4 | BI29: 0 | BJ29: 39 | BK29: 0 | BL29: 0 | BM29: 0 | BN29: 43791 | BO29: 2 | BP29: 0 | BQ29: 1 | BR29: 0 | BS29: 0 | BT29: 0 | BU29: 1 | BV29: 0 | BW29: 1 | BX29: 0 | BY29: 0 | BZ29: 0 | CA29: 1 | CB29: 1
A30: 2022年11月 | B30: D7 | C30: BF0004484E1 | D30: 4号冰箱#1-1-2-1 | E30: No T4PNK treatment | F30: TRUE | G30: FALSE | H30: GDM20230512-I_AAGGAGTA | I30: G2816 | J30: 肺动脉高压 | K30: 北京协和医院 | L30: 荆志成 | M30: Plasma | N30: 0 | O30: 0 | P30: S93 | Q30: AAGGAGTA | R30: 0 | S30: LXY | T30: 20230504 | U30: 11.1 | V30: 2.7027027 | W30: 30 | X30: 192 | Y30: 20230512 | Z30: I | AA30: Nova-seq | AB30: 6 | AC30: 海普洛斯 | AD30: 2022.11.11 | AE30: IPAH/HPAH | AF30: bf0004484 | AG30: IPAH/HPAH | AH30: b3645 | AI30: 栾勇 | AJ30: 43130 | AK30: ipah\慢性肺源性心脏病\卵圆孔未闭\心律失常\室性期前收缩\短阵室性心动过速\咯血\aps待除外、双侧大脑后动脉狭窄、双侧大脑中动脉斑块、右侧椎动脉狭窄、陈旧性脑梗死 | AL30: 1 | AM30: 46 | AN30: 0 | AO30: 3 | AP30: 58 | AQ30: 170 | AR30: 1.75 | AS30: 0 | AT30: 129 | AU30: 89 | AV30: 92 | AW30: 7 | AX30: 52 | AY30: 9 | AZ30: 4.17 | BA30: 3.29 | BB30: 10.31 | BC30: 66.5 | BD30: 0 | BE30: 0 | BF30: 0 | BG30: 0 | BH30: 0 | BI30: 0 | BJ30: 0 | BK30: 0 | BL30: 0 | BM30: 0 | BN30: 43791 | BO30: 0 | BP30: 0 | BQ30: 0 | BR30: 0 | BS30: 0 | BT30: 0 | BU30: 0 | BV30: 0 | BW30: 0 | BX30: 0 | BY30: 0 | BZ30: 0 | CA30: 0 | CB30: 0
A31: 2022年11月 | B31: D8 | C31: BF0005080E1 | D31: 4号冰箱#1-1-2-1 | E31: No T4PNK treatment | F31: TRUE | G31: FALSE | H31: GDM20230512-I_CTAAGCCT | I31: G2817 | J31: 肺动脉高压 | K31: 北京协和医院 | L31: 荆志成 | M31: Plasma | N31: 0 | O31: 0 | P31: S94 | Q31: CTAAGCCT | R31: 0 | S31: LXY | T31: 20230504 | U31: 7.56 | V31: 3.968254 | W31: 30 | X31: 192 | Y31: 20230512 | Z31: I | AA31: Nova-seq | AB31: 6 | AC31: 海普洛斯 | AD31: 2022.11.11 | AE31: IPAH/HPAH | AF31: bf0005080 | AG31: IPAH/HPAH | AH31: b1146 | AI31: 张巧巧 | AJ31: 43240 | AK31: 可遗传性肺动脉高压,心脏扩大,心功能Ⅱ--Ⅲ级(NYHA分级) | AL31: 2 | AM31: 33 | AN31: 390 | AO31: 2 | AP31: 50 | AQ31: 150 | AR31: 1.53 | AS31: 0 | AT31: 121 | AU31: 77 | AV31: 94 | AW31: 6 | AX31: 69 | AY31: 9 | AZ31: 3.73 | BA31: 2.43 | BB31: 16.09 | BC31: 67.8 | BD31: 0 | BE31: 554 | BF31: 0 | BG31: 60.85 | BH31: 4.7 | BI31: 0 | BJ31: 77 | BK31: 0 | BL31: 0 | BM31: 0 | BN31: 43829 | BO31: 4 | BP31: 1 | BQ31: 0 | BR31: 0 | BS31: 0 | BT31: 0 | BU31: 1 | BV31: 0 | BW31: 0 | BX31: 0 | BY31: 0 | BZ31: 0 | CA31: 1 | CB31: 1
A32: 2022年11月 | B32: D9 | C32: BF0003014E3 | D32: 4号冰箱#1-1-2-1 | E32: No T4PNK treatment | F32: TRUE | G32: FALSE | H32: GDM20230512-I_TCTCTCCG | I32: G2818 | J32: 肺动脉高压 | K32: 北京协和医院 | L32: 荆志成 | M32: Plasma | N32: 0 | O32: 0 | P32: S95 | Q32: TCTCTCCG | R32: 0 | S32: LXY | T32: 20230504 | U32: 8.64 | V32: 3.4722222 | W32: 30 | X32: 192 | Y32: 20230512 | Z32: I | AA32: Nova-seq | AB32: 6 | AC32: 海普洛斯 | AD32: 2022.11.11 | AE32: IPAH/HPAH | AF32: bf0003014 | AG32: IPAH/HPAH | AH32: b850 | AI32: 刘思源 | AJ32: 42873 | AK32: 特发性肺动脉高压,心功能I级(NYHA分级),高脂血症 | AL32: 2 | AM32: 29 | AN32: 588 | AO32: 1 | AP32: 80 | AQ32: 173 | AR32: 2.04 | AS32: 0 | AT32: 98 | AU32: 63 | AV32: 80 | AW32: 3 | AX32: 27 | AY32: 5 | AZ32: 7.37 | BA32: 3.61 | BB32: 2.99 | BC32: 76.8 | BD32: 1 | BE32: 16 | BF32: 0 | BG32: 60.38 | BH32: 2.7 | BI32: 0 | BJ32: 48 | BK32: 0 | BL32: 0 | BM32: 0 | BN32: 43791 | BO32: 4 | BP32: 1 | BQ32: 0 | BR32: 0 | BS32: 0 | BT32: 0 | BU32: 0 | BV32: 0 | BW32: 0 | BX32: 0 | BY32: 0 | BZ32: 0 | CA32: 0 | CB32: 0
A33: 2022年11月 | B33: E2 | C33: SVC002676E5 | D33: 4号冰箱#1-1-2-1 | E33: No T4PNK treatment | F33: TRUE | G33: FALSE | H33: GDM20230512-II_TAGATCGC | I33: G2820 | J33: 肺动脉高压 | K33: 北京协和医院 | L33: 荆志成 | M33: Plasma | N33: 0 | O33: 0 | P33: S97 | Q33: TAGATCGC | R33: 0 | S33: LXY | T33: 20230505 | U33: 8.24 | V33: 3.6407767 | W33: 30 | X33: 193 | Y33: 20230512 | Z33: II | AA33: Nova-seq | AB33: 6 | AC33: 海普洛斯 | AD33: 2022.11.11 | AE33: IPAH/HPAH | AF33: svc002676 | AG33: IPAH/HPAH | AH33: b1179 | AI33: 汪敏 | AJ33: 42894 | AK33: 特发性肺动脉高压,心脏扩大,心功能Ⅱ级(NYHA分级) | AL33: 2 | AM33: 34 | AN33: 555 | AO33: 1 | AP33: 70 | AQ33: 160 | AR33: 1.83 | AS33: 0 | AT33: 100 | AU33: 65 | AV33: 80 | AW33: 7 | AX33: 47 | AY33: 11 | AZ33: 3.88 | BA33: 2.12 | BB33: 9.28 | BC33: 77 | BD33: 1 | BE33: 17 | BF33: 0 | BG33: 60.11 | BH33: 5.12 | BI33: 0 | BJ33: 56 | BK33: 0 | BL33: 0 | BM33: 0 | BN33: 43818 | BO33: 4 | BP33: 1 | BQ33: 0 | BR33: 0 | BS33: 0 | BT33: 0 | BU33: 0 | BV33: 0 | BW33: 0 | BX33: 0 | BY33: 0 | BZ33: 0 | CA33: 0 | CB33: 0
A34: 2022年11月 | B34: E3 | C34: BF0001584E1 | D34: 4号冰箱#1-1-2-1 | E34: No T4PNK treatment | F34: TRUE | G34: FALSE | H34: GDM20230512-II_CTCTCTAT | I34: G2821 | J34: 肺动脉高压 | K34: 北京协和医院 | L34: 荆志成 | M34: Plasma | N34: 0 | O34: 0 | P34: S98 | Q34: CTCTCTAT | R34: 0 | S34: LXY | T34: 20230505 | U34: 7.84 | V34: 3.8265306 | W34: 30 | X34: 193 | Y34: 20230512 | Z34: II | AA34: Nova-seq | AB34: 6 | AC34: 海普洛斯 | AD34: 2022.11.11 | AE34: IPAH/HPAH | AF34: bf0001584 | AG34: IPAH/HPAH | AH34: b2343 | AI34: 狄烜锐 | AJ34: 42583 | AK34: IPAH可能 | AL34: 1 | AM34: 7 | AN34: 0 | AO34: 2 | AP34: 0 | AQ34: 0 | AR34: 0 | AS34: 126 | AT34: 0 | AU34: 0 | AV34: 0 | AW34: 0 | AX34: 0 | AY34: 0 | AZ34: 0 | BA34: 0 | BB34: 0 | BC34: 0 | BD34: 0 | BE34: 218.1 | BF34: 0 | BG34: 39.3 | BH34: 6.23 | BI34: 0 | BJ34: 0 | BK34: 0 | BL34: 0 | BM34: 0 | BN34: 0 | BO34: 0 | BP34: 0 | BQ34: 0 | BR34: 0 | BS34: 0 | BT34: 0 | BU34: 0 | BV34: 0 | BW34: 0 | BX34: 0 | BY34: 0 | BZ34: 0 | CA34: 0 | CB34: 0
A35: 2022年11月 | B35: E4 | C35: BF0007540E1 | D35: 4号冰箱#1-1-2-1 | E35: No T4PNK treatment | F35: TRUE | G35: FALSE | H35: GDM20230512-II_AGAGTAGA | I35: G2822 | J35: 肺动脉高压 | K35: 北京协和医院 | L35: 荆志成 | M35: Plasma | N35: 0 | O35: 0 | P35: S99 | Q35: AGAGTAGA | R35: 0 | S35: LXY | T35: 20230505 | U35: 10.8 | V35: 2.7777778 | W35: 30 | X35: 193 | Y35: 20230512 | Z35: II | AA35: Nova-seq | AB35: 6 | AC35: 海普洛斯 | AD35: 2022.11.11 | AE35: IPAH/HPAH | AF35: bf0007540 | AG35: IPAH/HPAH | AH35: b4973 | AI35: 宋瑞丽 | AJ35: 43669 | AK35: 特发性肺动脉高压，心脏扩大，三尖瓣轻中度关闭不全，心功能ii级 | AL35: 2 | AM35: 35 | AN35: 0 | AO35: 2 | AP35: 54 | AQ35: 160 | AR35: 1.64 | AS35: 0 | AT35: 104 | AU35: 70 | AV35: 90 | AW35: 7 | AX35: 77 | AY35: 6 | AZ35: 3.33 | BA35: 2.04 | BB35: 21.32 | BC35: 66.9 | BD35: 未见APVT试验 | BE35: 0 | BF35: 0 | BG35: 0 | BH35: 0 | BI35: 0 | BJ35: 0 | BK35: 0 | BL35: 0 | BM35: 0 | BN35: 0 | BO35: 0 | BP35: 0 | BQ35: 0 | BR35: 0 | BS35: 0 | BT35: 0 | BU35: 0 | BV35: 0 | BW35: 0 | BX35: 0 | BY35: 0 | BZ35: 0 | CA35: 0 | CB35: 0
A36: 2022年11月 | B36: E5 | C36: PA002311E3 | D36: 4号冰箱#1-1-2-1 | E36: No T4PNK treatment | F36: TRUE | G36: FALSE | H36: GDM20230512-II_AGCGTAGC | I36: G2823 | J36: 肺动脉高压 | K36: 北京协和医院 | L36: 荆志成 | M36: Plasma | N36: 0 | O36: 0 | P36: S25 | Q36: AGCGTAGC | R36: 0 | S36: LXY | T36: 20230505 | U36: 4.56 | V36: 6.5789474 | W36: 30 | X36: 193 | Y36: 20230512 | Z36: II | AA36: Nova-seq | AB36: 6 | AC36: 海普洛斯 | AD36: 2022.11.11 | AE36: IPAH/HPAH | AF36: pa002311 | AG36: IPAH/HPAH | AH36: b3662 | AI36: 陈瑶 | AJ36: 43139 | AK36: ipah、慢性肺源性心脏病、心脏扩大、心包积液、心功能iv级、缺铁性贫血 | AL36: 2 | AM36: 15 | AN36: 0 | AO36: 4 | AP36: 48 | AQ36: 162 | AR36: 1.57 | AS36: 0 | AT36: 94 | AU36: 62 | AV36: 75 | AW36: 3 | AX36: 70 | AY36: 9 | AZ36: 3.17 | BA36: 2.01 | BB36: 19.24 | BC36: 58.3 | BD36: 未见APVT试验 | BE36: 0 | BF36: 0 | BG36: 0 | BH36: 0 | BI36: 1 | BJ36: 0 | BK36: 2020/11月死亡 | BL36: 0 | BM36: 0 | BN36: 0 | BO36: 0 | BP36: 0 | BQ36: 0 | BR36: 0 | BS36: 0 | BT36: 0 | BU36: 0 | BV36: 0 | BW36: 0 | BX36: 0 | BY36: 0 | BZ36: 0 | CA36: 0 | CB36: 0
A37: 2022年11月 | B37: E7 | C37: BF0001361E1 | D37: 4号冰箱#1-1-2-1 | E37: No T4PNK treatment | F37: TRUE | G37: FALSE | H37: GDM20230512-II_CTAGTACG | I37: G2825 | J37: 肺动脉高压 | K37: 北京协和医院 | L37: 荆志成 | M37: Plasma | N37: 0 | O37: 0 | P37: s39 | Q37: CTAGTACG | R37: 0 | S37: LXY | T37: 20230505 | U37: 8.74 | V37: 3.4324943 | W37: 30 | X37: 193 | Y37: 20230512 | Z37: II | AA37: Nova-seq | AB37: 6 | AC37: 海普洛斯 | AD37: 0 | AE37: IPAH/HPAH | AF37: bf0001361 | AG37: IPAH/HPAH | AH37: b2241 | AI37: 孔静梅 | AJ37: 42529 | AK37: 特发性肺动脉高压,心脏扩大,完全性右束支传导阻滞,房性期前收缩[房性早搏],室性期前收缩,心功能III级(NYHA分级),心包积液,腹腔积液,胆囊结石 | AL37: 2 | AM37: 28 | AN37: #NULL! | AO37: 2 | AP37: 49 | AQ37: 162 | AR37: 1.59 | AS37: 0 | AT37: 90 | AU37: 56 | AV37: 108 | AW37: 14 | AX37: 67 | AY37: 13 | AZ37: 2.6 | BA37: 1.64 | BB37: 20.77 | BC37: 43.8 | BD37: 0 | BE37: 4575 | BF37: 0 | BG37: 74.13 | BH37: 6.4 | BI37: 0 | BJ37: 41 | BK37: 0 | BL37: 0 | BM37: 0 | BN37: 0 | BO37: 2 | BP37: 0 | BQ37: 1 | BR37: 0 | BS37: 0 | BT37: 0 | BU37: 1 | BV37: 0 | BW37: 0 | BX37: 0 | BY37: 1 | BZ37: 0 | CA37: 1 | CB37: 1
A38: 2022年11月 | B38: E8 | C38: SVC003605E2 | D38: 4号冰箱#1-1-2-1 | E38: No T4PNK treatment | F38: TRUE | G38: FALSE | H38: GDM20230512-II_TTCTGCCT | I38: G2826 | J38: 肺动脉高压 | K38: 北京协和医院 | L38: 荆志成 | M38: Plasma | N38: 0 | O38: 0 | P38: s41 | Q38: TTCTGCCT | R38: 0 | S38: LXY | T38: 20230505 | U38: 5.86 | V38: 5.1194539 | W38: 30 | X38: 193 | Y38: 20230512 | Z38: II | AA38: Nova-seq | AB38: 6 | AC38: 海普洛斯 | AD38: 2022.11.11 | AE38: IPAH/HPAH | AF38: svc003605 | AG38: IPAH/HPAH | AH38: b4398 | AI38: 尹鼎 | AJ38: 43447 | AK38: 特发性肺动脉高压，心功能ii级，永存左上腔静脉，血小板减少，白细胞减少，贫血，铁代谢紊乱，肝功能异常 | AL38: 1 | AM38: 6 | AN38: 342 | AO38: 2 | AP38: 19 | AQ38: 110 | AR38: 0.99 | AS38: 0 | AT38: 105 | AU38: 39 | AV38: 140 | AW38: 11 | AX38: 63 | AY38: 15 | AZ38: 6.5 | BA38: 7.25 | BB38: 7.38 | BC38: 92.4 | BD38: 1 | BE38: 179 | BF38: 0 | BG38: 36 | BH38: 5.3 | BI38: 0 | BJ38: 0 | BK38: 0 | BL38: 0 | BM38: 0 | BN38: 0 | BO38: 0 | BP38: 0 | BQ38: 0 | BR38: 0 | BS38: 0 | BT38: 0 | BU38: 0 | BV38: 0 | BW38: 0 | BX38: 0 | BY38: 0 | BZ38: 0 | CA38: 0 | CB38: 0
A39: 2022年11月 | B39: F2 | C39: BF0001237E2 | D39: 4号冰箱#1-1-2-1 | E39: No T4PNK treatment | F39: TRUE | G39: FALSE | H39: GDM20230512-III_CATGCCTA | I39: G2829 | J39: 肺动脉高压 | K39: 北京协和医院 | L39: 荆志成 | M39: Plasma | N39: 0 | O39: 0 | P39: s47 | Q39: CATGCCTA | R39: 0 | S39: LXY | T39: 20230508 | U39: 9.34 | V39: 3.2119914 | W39: 30 | X39: 194 | Y39: 20230512 | Z39: III | AA39: Nova-seq | AB39: 6 | AC39: 海普洛斯 | AD39: 0 | AE39: IPAH/HPAH | AF39: bf0001237 | AG39: IPAH/HPAH | AH39: b1908 | AI39: 孙丽 | AJ39: 42495 | AK39: 继发性肺动脉高压,三尖瓣关闭不全,心脏扩大,心功能III级(NYHA分级),肝功能不全,肝血管瘤,产褥期肺动脉高压,消化器官恶性肿瘤家族史 | AL39: 2 | AM39: 29 | AN39: 381 | AO39: 2 | AP39: 55 | AQ39: 160 | AR39: 1.65 | AS39: 0 | AT39: 112 | AU39: 66 | AV39: 107 | AW39: 3 | AX39: 46 | AY39: 5 | AZ39: 2.87 | BA39: 1.74 | BB39: 14.29 | BC39: 66.7 | BD39: 0 | BE39: 1733 | BF39: 0 | BG39: 65.38 | BH39: 5.22 | BI39: 0 | BJ39: 65 | BK39: 0 | BL39: 0 | BM39: 0 | BN39: 43791 | BO39: 2 | BP39: 0 | BQ39: 1 | BR39: 0 | BS39: 0 | BT39: 0 | BU39: 1 | BV39: 1 | BW39: 0 | BX39: 0 | BY39: 0 | BZ39: 0 | CA39: 1 | CB39: 1
A40: 2022年11月 | B40: F3 | C40: BF0005343E5 | D40: 4号冰箱#1-1-2-1 | E40: No T4PNK treatment | F40: TRUE | G40: FALSE | H40: GDM20230512-III_GTAGAGAG | I40: G2830 | J40: 肺动脉高压 | K40: 北京协和医院 | L40: 荆志成 | M40: Plasma | N40: 0 | O40: 0 | P40: s49 | Q40: GTAGAGAG | R40: 0 | S40: LXY | T40: 20230508 | U40: 6.82 | V40: 4.398827 | W40: 30 | X40: 194 | Y40: 20230512 | Z40: III | AA40: Nova-seq | AB40: 6 | AC40: 海普洛斯 | AD40: 2022.11.11 | AE40: IPAH/HPAH | AF40: bf0005343 | AG40: IPAH/HPAH | AH40: b3964 | AI40: 张振 | AJ40: 43251 | AK40: 可遗传性肺动脉高压,慢性肺源性心脏病,心脏扩大,心功能Ⅱ级(NYHA分级),咯血,高脂血症 | AL40: 1 | AM40: 28 | AN40: 492 | AO40: 1 | AP40: 83 | AQ40: 170 | AR40: 2.06 | AS40: 0 | AT40: 156 | AU40: 90 | AV40: 86 | AW40: 5 | AX40: 89 | AY40: 10 | AZ40: 5.2 | BA40: 2.53 | BB40: 15.19 | BC40: 64 | BD40: 0 | BE40: 68 | BF40: 0 | BG40: 104 | BH40: 6.25 | BI40: 0 | BJ40: 35 | BK40: 0 | BL40: 0 | BM40: 0 | BN40: 0 | BO40: 3 | BP40: 0 | BQ40: 0 | BR40: 1 | BS40: 0 | BT40: 0 | BU40: 1 | BV40: 0 | BW40: 1 | BX40: 0 | BY40: 1 | BZ40: 0 | CA40: 1 | CB40: 1
A41: 2022年11月 | B41: F5 | C41: BF0007614E4 | D41: 4号冰箱#1-1-2-1 | E41: No T4PNK treatment | F41: TRUE | G41: FALSE | H41: GDM20230512-III_CAGCCTCG | I41: G2832 | J41: 肺动脉高压 | K41: 北京协和医院 | L41: 荆志成 | M41: Plasma | N41: 0 | O41: 0 | P41: S89 | Q41: CAGCCTCG | R41: 0 | S41: LXY | T41: 20230508 | U41: 5.74 | V41: 5.2264808 | W41: 30 | X41: 194 | Y41: 20230512 | Z41: III | AA41: Nova-seq | AB41: 6 | AC41: 海普洛斯 | AD41: 2022.11.11 | AE41: IPAH/HPAH | AF41: bf0007614 | AG41: IPAH/HPAH | AH41: b5021 | AI41: 苏长福 | AJ41: 43686 | AK41: 特发性肺动脉高压，右室扩大，心功能ii级 | AL41: 1 | AM41: 35 | AN41: 0 | AO41: 2 | AP41: 71 | AQ41: 173 | AR41: 1.93 | AS41: 0 | AT41: 139 | AU41: 80 | AV41: 81 | AW41: 10 | AX41: 42 | AY41: 14 | AZ41: 5.77 | BA41: 2.99 | BB41: 4.85 | BC41: 73.1 | BD41: 0 | BE41: 0 | BF41: 0 | BG41: 0 | BH41: 0 | BI41: 0 | BJ41: 0 | BK41: 0 | BL41: 0 | BM41: 0 | BN41: 0 | BO41: 0 | BP41: 0 | BQ41: 0 | BR41: 0 | BS41: 0 | BT41: 0 | BU41: 0 | BV41: 0 | BW41: 0 | BX41: 0 | BY41: 0 | BZ41: 0 | CA41: 0 | CB41: 0
A42: 2022年11月 | B42: F6 | C42: SVC003229E2 | D42: 4号冰箱#1-1-2-1 | E42: No T4PNK treatment | F42: TRUE | G42: FALSE | H42: GDM20230512-III_GTAAGGAG | I42: G2833 | J42: 肺动脉高压 | K42: 北京协和医院 | L42: 荆志成 | M42: Plasma | N42: 0 | O42: 0 | P42: S90 | Q42: GTAAGGAG | R42: 0 | S42: LXY | T42: 20230508 | U42: 5.8 | V42: 5.1724138 | W42: 30 | X42: 194 | Y42: 20230512 | Z42: III | AA42: Nova-seq | AB42: 6 | AC42: 海普洛斯 | AD42: 2022.11.11 | AE42: IPAH/HPAH | AF42: svc003229 | AG42: IPAH/HPAH | AH42: b4198 | AI42: 何骄龙 | AJ42: 43346 | AK42: 特发性肺动脉高压,心脏扩大,非风湿性三尖瓣关闭不全,心功能III级(NYHA分级) | AL42: 1 | AM42: 29 | AN42: 420 | AO42: 2 | AP42: 85 | AQ42: 170 | AR42: 2.08 | AS42: 0 | AT42: 104 | AU42: 63 | AV42: 83 | AW42: 5 | AX42: 54 | AY42: 7 | AZ42: 5.67 | BA42: 2.72 | BB42: 8.29 | BC42: 64.6 | BD42: 0 | BE42: 49 | BF42: 0 | BG42: 89 | BH42: 4.99 | BI42: 0 | BJ42: 32 | BK42: 0 | BL42: 0 | BM42: 0 | BN42: 0 | BO42: 2 | BP42: 0 | BQ42: 1 | BR42: 0 | BS42: 0 | BT42: 0 | BU42: 1 | BV42: 0 | BW42: 1 | BX42: 0 | BY42: 0 | BZ42: 0 | CA42: 0 | CB42: 1
A43: 2022年11月 | B43: F7 | C43: BF0000499E2 | D43: 4号冰箱#1-1-2-1 | E43: No T4PNK treatment | F43: TRUE | G43: FALSE | H43: GDM20230512-III_TCCTCTAC | I43: G2834 | J43: 肺动脉高压 | K43: 北京协和医院 | L43: 荆志成 | M43: Plasma | N43: 0 | O43: 0 | P43: S91 | Q43: TCCTCTAC | R43: 0 | S43: LXY | T43: 20230508 | U43: 3.68 | V43: 8.1521739 | W43: 30 | X43: 194 | Y43: 20230512 | Z43: III | AA43: Nova-seq | AB43: 6 | AC43: 海普洛斯 | AD43: 0 | AE43: IPAH/HPAH | AF43: bf0000499 | AG43: IPAH/HPAH | AH43: b1714 | AI43: 段无春阳 | AJ43: 42292 | AK43: IPAH可能 | AL43: 1 | AM43: 7 | AN43: 0 | AO43: 0 | AP43: 0 | AQ43: 0 | AR43: 0 | AS43: 0 | AT43: 0 | AU43: 0 | AV43: 0 | AW43: 0 | AX43: 0 | AY43: 0 | AZ43: 0 | BA43: 0 | BB43: 0 | BC43: 0 | BD43: 0 | BE43: 0 | BF43: 0 | BG43: 0 | BH43: 0 | BI43: 0 | BJ43: 0 | BK43: 0 | BL43: 0 | BM43: 0 | BN43: 0 | BO43: 0 | BP43: 0 | BQ43: 0 | BR43: 0 | BS43: 0 | BT43: 0 | BU43: 0 | BV43: 0 | BW43: 0 | BX43: 0 | BY43: 0 | BZ43: 0 | CA43: 0 | CB43: 0
A44: 2022年11月 | B44: F8 | C44: BF0002091E2 | D44: 4号冰箱#1-1-2-1 | E44: No T4PNK treatment | F44: TRUE | G44: FALSE | H44: GDM20230512-III_ACTGCATA | I44: G2835 | J44: 肺动脉高压 | K44: 北京协和医院 | L44: 荆志成 | M44: Plasma | N44: 0 | O44: 0 | P44: S92 | Q44: ACTGCATA | R44: 0 | S44: LXY | T44: 20230508 | U44: 4.94 | V44: 6.0728745 | W44: 30 | X44: 194 | Y44: 20230512 | Z44: III | AA44: Nova-seq | AB44: 6 | AC44: 海普洛斯 | AD44: 2022.11.11 | AE44: IPAH/HPAH | AF44: bf0002091 | AG44: IPAH/HPAH | AH44: b2664 | AI44: 刘杰 | AJ44: 42703 | AK44: 特发性肺动脉高压,心脏扩大,非风湿性三尖瓣关闭不全,心功能III级(NYHA分级) | AL44: 2 | AM44: 28 | AN44: 360 | AO44: 1 | AP44: 60 | AQ44: 155 | AR44: 1.68 | AS44: 0 | AT44: 92 | AU44: 58 | AV44: 76 | AW44: 13 | AX44: 49 | AY44: 12 | AZ44: 3.57 | BA44: 2.13 | BB44: 10.36 | BC44: 69.9 | BD44: 0 | BE44: 1568 | BF44: 0 | BG44: 61.2 | BH44: 6.87 | BI44: 1 | BJ44: 37 | BK44: 0 | BL44: 1 | BM44: 42278 | BN44: 0 | BO44: 4 | BP44: 1 | BQ44: 0 | BR44: 0 | BS44: 0 | BT44: 0 | BU44: 0 | BV44: 0 | BW44: 1 | BX44: 0 | BY44: 0 | BZ44: 0 | CA44: 1 | CB44: 1
A45: 2022年11月 | B45: F9 | C45: BF0005230E1 | D45: 4号冰箱#1-1-2-1 | E45: No T4PNK treatment | F45: TRUE | G45: FALSE | H45: GDM20230512-III_AAGGAGTA | I45: G2836 | J45: 肺动脉高压 | K45: 北京协和医院 | L45: 荆志成 | M45: Plasma | N45: 0 | O45: 0 | P45: S93 | Q45: AAGGAGTA | R45: 0 | S45: LXY | T45: 20230508 | U45: 6.9 | V45: 4.3478261 | W45: 30 | X45: 194 | Y45: 20230512 | Z45: III | AA45: Nova-seq | AB45: 6 | AC45: 海普洛斯 | AD45: 2022.11.11 | AE45: IPAH/HPAH | AF45: bf0005230 | AG45: IPAH/HPAH | AH45: b3996 | AI45: 杨钰龙 | AJ45: 43265 | AK45: ipah、心脏扩大、三尖瓣轻中度关闭不全、阻塞型睡眠呼吸暂停综合征 | AL45: 1 | AM45: 5 | AN45: 0 | AO45: 0 | AP45: 26 | AQ45: 122 | AR45: 1.06 | AS45: 0 | AT45: 100 | AU45: 60 | AV45: 145 | AW45: 12 | AX45: 87 | AY45: 12 | AZ45: 3.73 | BA45: 3.53 | BB45: 20.11 | BC45: 74.7 | BD45: 0 | BE45: 0 | BF45: 0 | BG45: 0 | BH45: 0 | BI45: 0 | BJ45: 0 | BK45: 0 | BL45: 0 | BM45: 0 | BN45: 0 | BO45: 0 | BP45: 0 | BQ45: 0 | BR45: 0 | BS45: 0 | BT45: 0 | BU45: 0 | BV45: 0 | BW45: 0 | BX45: 0 | BY45: 0 | BZ45: 0 | CA45: 0 | CB45: 0
A46: 2022年11月 | B46: G1 | C46: BF0002261E1 | D46: 4号冰箱#1-1-2-1 | E46: No T4PNK treatment | F46: TRUE | G46: FALSE | H46: GDM20230512-III_CTAAGCCT | I46: G2837 | J46: 肺动脉高压 | K46: 北京协和医院 | L46: 荆志成 | M46: Plasma | N46: 0 | O46: 0 | P46: S94 | Q46: CTAAGCCT | R46: 0 | S46: LXY | T46: 20230508 | U46: 5.98 | V46: 5.0167224 | W46: 30 | X46: 194 | Y46: 20230512 | Z46: III | AA46: Nova-seq | AB46: 6 | AC46: 海普洛斯 | AD46: 0 | AE46: IPAH/HPAH | AF46: bf0002261 | AG46: IPAH/HPAH | AH46: b2739 | AI46: 苏家豪 | AJ46: 42732 | AK46: ipah，心脏扩大，心功能ii级（nyha分级),鼾症 | AL46: 1 | AM46: 10 | AN46: 0 | AO46: 2 | AP46: 80 | AQ46: 180 | AR46: 2.08 | AS46: 0 | AT46: 121 | AU46: 55 | AV46: 74 | AW46: 6 | AX46: 64 | AY46: 11 | AZ46: 6.83 | BA46: 3.28 | BB46: 7.76 | BC46: 76.5 | BD46: 0 | BE46: 0 | BF46: 0 | BG46: 0 | BH46: 0 | BI46: 0 | BJ46: 0 | BK46: 0 | BL46: 0 | BM46: 0 | BN46: 0 | BO46: 0 | BP46: 0 | BQ46: 0 | BR46: 0 | BS46: 0 | BT46: 0 | BU46: 0 | BV46: 0 | BW46: 0 | BX46: 0 | BY46: 0 | BZ46: 0 | CA46: 0 | CB46: 0
A47: 2022年11月 | B47: G2 | C47: SVC002894E4 | D47: 4号冰箱#1-1-2-1 | E47: No T4PNK treatment | F47: TRUE | G47: FALSE | H47: GDM20230512-III_TCTCTCCG | I47: G2838 | J47: 肺动脉高压 | K47: 北京协和医院 | L47: 荆志成 | M47: Plasma | N47: 0 | O47: 0 | P47: S95 | Q47: TCTCTCCG | R47: 0 | S47: LXY | T47: 20230508 | U47: 5.52 | V47: 5.4347826 | W47: 30 | X47: 194 | Y47: 20230512 | Z47: III | AA47: Nova-seq | AB47: 6 | AC47: 海普洛斯 | AD47: 2022.11.11 | AE47: IPAH/HPAH | AF47: svc002894 | AG47: IPAH/HPAH | AH47: b962 | AI47: 李桂荣 | AJ47: 43293 | AK47: 原发性肺动脉高压(特发性),心脏扩大,心功能Ⅲ级,上呼吸道感染 | AL47: 2 | AM47: 25 | AN47: 414 | AO47: 2 | AP47: 55.5 | AQ47: 154 | AR47: 1.62 | AS47: 0 | AT47: 102 | AU47: 71 | AV47: 114 | AW47: 3 | AX47: 47 | AY47: 6 | AZ47: 3.67 | BA47: 2.27 | BB47: 11.17 | BC47: 61.9 | BD47: 0 | BE47: 223 | BF47: 0 | BG47: 60.48 | BH47: 6.11 | BI47: 0 | BJ47: 79 | BK47: 0 | BL47: 0 | BM47: 0 | BN47: 43791 | BO47: 4 | BP47: 1 | BQ47: 0 | BR47: 0 | BS47: 1 | BT47: 0 | BU47: 0 | BV47: 0 | BW47: 0 | BX47: 0 | BY47: 0 | BZ47: 0 | CA47: 1 | CB47: 1
A48: 2022年11月 | B48: G3 | C48: BF0003760E2 | D48: 4号冰箱#1-1-2-1 | E48: No T4PNK treatment | F48: TRUE | G48: FALSE | H48: GDM20230512-III_GCGTAAGA | I48: G2839 | J48: 肺动脉高压 | K48: 北京协和医院 | L48: 荆志成 | M48: Plasma | N48: 0 | O48: 0 | P48: S96 | Q48: GCGTAAGA | R48: 0 | S48: LXY | T48: 20230508 | U48: 7.16 | V48: 4.1899441 | W48: 30 | X48: 194 | Y48: 20230512 | Z48: III | AA48: Nova-seq | AB48: 6 | AC48: 海普洛斯 | AD48: 2022.11.11 | AE48: IPAH/HPAH | AF48: bf0003760 | AG48: IPAH/HPAH | AH48: b1659 | AI48: 李月 | AJ48: 42988 | AK48: 特发性肺动脉高压,心脏扩大,心功能IV级(NYHA分级) | AL48: 2 | AM48: 29 | AN48: 225 | AO48: 2 | AP48: 45 | AQ48: 155 | AR48: 1.49 | AS48: 0 | AT48: 108 | AU48: 83 | AV48: 101 | AW48: 14 | AX48: 85 | AY48: 12 | AZ48: 2.67 | BA48: 1.79 | BB48: 27.34 | BC48: 54.8 | BD48: 0 | BE48: 1751 | BF48: 0 | BG48: 53.47 | BH48: 4.08 | BI48: 1 | BJ48: 45 | BK48: 0 | BL48: 1 | BM48: 43652 | BN48: 0 | BO48: 2 | BP48: 0 | BQ48: 1 | BR48: 0 | BS48: 0 | BT48: 0 | BU48: 1 | BV48: 0 | BW48: 0 | BX48: 0 | BY48: 1 | BZ48: 0 | CA48: 1 | CB48: 1
A49: 2022年11月 | B49: G4 | C49: BF0000273E1 | D49: 4号冰箱#1-1-2-1 | E49: No T4PNK treatment | F49: TRUE | G49: FALSE | H49: GDM20230512-III_TAGATCGC | I49: G2840 | J49: 肺动脉高压 | K49: 北京协和医院 | L49: 荆志成 | M49: Plasma | N49: 0 | O49: 0 | P49: S97 | Q49: TAGATCGC | R49: 0 | S49: LXY | T49: 20230508 | U49: 7.7 | V49: 3.8961039 | W49: 30 | X49: 194 | Y49: 20230512 | Z49: III | AA49: Nova-seq | AB49: 6 | AC49: 海普洛斯 | AD49: 0 | AE49: IPAH/HPAH | AF49: bf0000273 | AG49: IPAH/HPAH | AH49: b1125 | AI49: 孙丽秀 | AJ49: 42219 | AK49: 特发性肺动脉高压,心脏扩大,心功能IV级(NYHA分级) | AL49: 2 | AM49: 31 | AN49: #NULL! | AO49: 2 | AP49: 48 | AQ49: 154 | AR49: 1.52 | AS49: 0 | AT49: 122 | AU49: 69 | AV49: 92 | AW49: 14 | AX49: 71 | AY49: 13 | AZ49: 2.8 | BA49: 1.84 | BB49: 20.71 | BC49: 57.6 | BD49: 0 | BE49: 1641.8261 | BF49: 0 | BG49: 88.13 | BH49: 4.11 | BI49: 1 | BJ49: 20 | BK49: 0 | BL49: 0 | BM49: 0 | BN49: 0 | BO49: 3 | BP49: 0 | BQ49: 0 | BR49: 1 | BS49: 0 | BT49: 0 | BU49: 1 | BV49: 1 | BW49: 0 | BX49: 0 | BY49: 0 | BZ49: 1 | CA49: 0 | CB49: 0
A50: 2022年11月 | B50: G5 | C50: BF0000217E2 | D50: 4号冰箱#1-1-2-1 | E50: No T4PNK treatment | F50: TRUE | G50: FALSE | H50: GDM20230512-III_CTCTCTAT | I50: G2841 | J50: 肺动脉高压 | K50: 北京协和医院 | L50: 荆志成 | M50: Plasma | N50: 0 | O50: 0 | P50: S98 | Q50: CTCTCTAT | R50: 0 | S50: LXY | T50: 20230508 | U50: 10.4 | V50: 2.8846154 | W50: 30 | X50: 194 | Y50: 20230512 | Z50: III | AA50: Nova-seq | AB50: 6 | AC50: 海普洛斯 | AD50: 2022.11.11 | AE50: IPAH/HPAH | AF50: bf0000217 | AG50: IPAH/HPAH | AH50: b1557 | AI50: 谢松林 | AJ50: 42206 | AK50: 甲亢 ph | AL50: 1 | AM50: 27 | AN50: #NULL! | AO50: 4 | AP50: 73 | AQ50: 178 | AR50: 1.98 | AS50: 0 | AT50: 115 | AU50: 58 | AV50: 70 | AW50: 4 | AX50: 38 | AY50: 7 | AZ50: 8.27 | BA50: 4.18 | BB50: 3.75 | BC50: 82 | BD50: 0 | BE50: 0 | BF50: 0 | BG50: 41.98 | BH50: 8.4 | BI50: 0 | BJ50: 0 | BK50: 0 | BL50: 0 | BM50: 0 | BN50: 0 | BO50: 0 | BP50: 0 | BQ50: 0 | BR50: 0 | BS50: 0 | BT50: 0 | BU50: 0 | BV50: 0 | BW50: 0 | BX50: 0 | BY50: 0 | BZ50: 0 | CA50: 0 | CB50: 0
A51: 2022年11月 | B51: G6 | C51: BF0000938E2 | D51: 4号冰箱#1-1-2-1 | E51: No T4PNK treatment | F51: TRUE | G51: FALSE | H51: GDM20230512-III_AGAGTAGA | I51: G2842 | J51: 肺动脉高压 | K51: 北京协和医院 | L51: 荆志成 | M51: Plasma | N51: 0 | O51: 0 | P51: S99 | Q51: AGAGTAGA | R51: 0 | S51: LXY | T51: 20230508 | U51: 12.3 | V51: 2.4390244 | W51: 30 | X51: 194 | Y51: 20230512 | Z51: III | AA51: Nova-seq | AB51: 6 | AC51: 海普洛斯 | AD51: 2022.11.11 | AE51: IPAH/HPAH | AF51: bf0000938 | AG51: IPAH/HPAH | AH51: 2350 | AI51: 袁沐 | AJ51: 42417 | AK51: ipah，apvt阳性 | AL51: 1 | AM51: 25 | AN51: 672 | AO51: 2 | AP51: 82 | AQ51: 176 | AR51: 2.08 | AS51: 0 | AT51: 103 | AU51: 56 | AV51: 72 | AW51: 5 | AX51: 42 | AY51: 10 | AZ51: 6.37 | BA51: 3.06 | BB51: 5.02 | BC51: 74.9 | BD51: 1 | BE51: #NULL! | BF51: 5.9 | BG51: 63 | BH51: 5.7 | BI51: 0 | BJ51: 0 | BK51: 0 | BL51: 0 | BM51: 0 | BN51: 43791 | BO51: 0 | BP51: 0 | BQ51: 0 | BR51: 0 | BS51: 0 | BT51: 0 | BU51: 0 | BV51: 0 | BW51: 0 | BX51: 0 | BY51: 0 | BZ51: 0 | CA51: 0 | CB51: 0
A52: 2022年11月 | B52: G7 | C52: SVC002626E4 | D52: 4号冰箱#1-1-2-1 | E52: No T4PNK treatment | F52: TRUE | G52: FALSE | H52: GDM20230512-IV_AGCGTAGC | I52: G2843 | J52: 肺动脉高压 | K52: 北京协和医院 | L52: 荆志成 | M52: Plasma | N52: 0 | O52: 0 | P52: S25 | Q52: AGCGTAGC | R52: 0 | S52: LXY | T52: 20230509 | U52: 5.26 | V52: 5.7034221 | W52: 30 | X52: 195 | Y52: 20230512 | Z52: IV | AA52: Nova-seq | AB52: 6 | AC52: 海普洛斯 | AD52: 2022.11.11 | AE52: IPAH/HPAH | AF52: svc002626 | AG52: IPAH/HPAH | AH52: b2265 | AI52: 王曦蕴 | AJ52: 43251 | AK52: ipah，心脏扩大，心功能ii级，单侧腹股沟斜疝 | AL52: 1 | AM52: 3 | AN52: #NULL! | AO52: 3 | AP52: 12 | AQ52: 95 | AR52: 0.72 | AS52: 0 | AT52: 85 | AU52: 40 | AV52: 138 | AW52: 8 | AX52: 41 | AY52: 8 | AZ52: 4.07 | BA52: 5.67 | BB52: 8.11 | BC52: 89.8 | BD52: 0 | BE52: 0 | BF52: 0 | BG52: 21.02 | BH52: 6.21 | BI52: 0 | BJ52: 0 | BK52: 0 | BL52: 0 | BM52: 0 | BN52: 0 | BO52: 0 | BP52: 0 | BQ52: 0 | BR52: 0 | BS52: 0 | BT52: 0 | BU52: 0 | BV52: 0 | BW52: 0 | BX52: 0 | BY52: 0 | BZ52: 0 | CA52: 0 | CB52: 0
A53: 2022年11月 | B53: G8 | C53: BF0000347E1 | D53: 4号冰箱#1-1-2-1 | E53: No T4PNK treatment | F53: TRUE | G53: FALSE | H53: GDM20230512-IV_TCGCCTTA | I53: G2844 | J53: 肺动脉高压 | K53: 北京协和医院 | L53: 荆志成 | M53: Plasma | N53: 0 | O53: 0 | P53: S37 | Q53: TCGCCTTA | R53: 0 | S53: LXY | T53: 20230509 | U53: 4.26 | V53: 7.0422535 | W53: 30 | X53: 195 | Y53: 20230512 | Z53: IV | AA53: Nova-seq | AB53: 6 | AC53: 海普洛斯 | AD53: 2022.11.11 | AE53: IPAH/HPAH | AF53: bf0000347 | AG53: IPAH/HPAH | AH53: b1630 | AI53: 王改彦 | AJ53: 42237 | AK53: ipah，慢性肺源性心脏病，心脏扩大，三尖瓣轻度关闭不全，心功能ii级，晕厥，缺铁性贫血 | AL53: 2 | AM53: 34 | AN53: 550 | AO53: 2 | AP53: 55 | AQ53: 158 | AR53: 1.64 | AS53: 0 | AT53: 112 | AU53: 68 | AV53: 96 | AW53: 4 | AX53: 62 | AY53: 9 | AZ53: 5.67 | BA53: 3.47 | BB53: 9.35 | BC53: 68.2 | BD53: 0 | BE53: 0 | BF53: 0 | BG53: 0 | BH53: 3.28 | BI53: 0 | BJ53: 0 | BK53: 0 | BL53: 0 | BM53: 0 | BN53: 43791 | BO53: 0 | BP53: 0 | BQ53: 0 | BR53: 0 | BS53: 0 | BT53: 0 | BU53: 0 | BV53: 0 | BW53: 0 | BX53: 0 | BY53: 0 | BZ53: 0 | CA53: 0 | CB53: 0
A54: 2022年11月 | B54: G9 | C54: BF0000618E1 | D54: 4号冰箱#1-1-2-1 | E54: No T4PNK treatment | F54: TRUE | G54: FALSE | H54: GDM20230512-IV_CTAGTACG | I54: G2845 | J54: 肺动脉高压 | K54: 北京协和医院 | L54: 荆志成 | M54: Plasma | N54: 0 | O54: 0 | P54: s39 | Q54: CTAGTACG | R54: 0 | S54: LXY | T54: 20230509 | U54: 7.46 | V54: 4.0214477 | W54: 30 | X54: 195 | Y54: 20230512 | Z54: IV | AA54: Nova-seq | AB54: 6 | AC54: 海普洛斯 | AD54: 0 | AE54: IPAH/HPAH | AF54: bf0000618 | AG54: IPAH/HPAH | AH54: b1764 | AI54: 王丽景 | AJ54: 42325 | AK54: ipah | AL54: 2 | AM54: 16 | AN54: #NULL! | AO54: 3 | AP54: 58 | AQ54: 158 | AR54: 1.67 | AS54: 0 | AT54: 92 | AU54: 68 | AV54: 94 | AW54: 8 | AX54: 65 | AY54: 10 | AZ54: 3.1 | BA54: 1.86 | BB54: 17.74 | BC54: 64.6 | BD54: 0 | BE54: 0 | BF54: 0 | BG54: 64.4 | BH54: 5.23 | BI54: 0 | BJ54: 0 | BK54: 0 | BL54: 0 | BM54: 0 | BN54: 43830 | BO54: 0 | BP54: 0 | BQ54: 0 | BR54: 0 | BS54: 0 | BT54: 0 | BU54: 0 | BV54: 0 | BW54: 0 | BX54: 0 | BY54: 0 | BZ54: 0 | CA54: 0 | CB54: 0
A55: 2022年11月 | B55: H1 | C55: BF0001337E3 | D55: 4号冰箱#1-1-2-1 | E55: No T4PNK treatment | F55: TRUE | G55: FALSE | H55: GDM20230512-IV_TTCTGCCT | I55: G2846 | J55: 肺动脉高压 | K55: 北京协和医院 | L55: 荆志成 | M55: Plasma | N55: 0 | O55: 0 | P55: s41 | Q55: TTCTGCCT | R55: 0 | S55: LXY | T55: 20230509 | U55: 7.8 | V55: 3.8461538 | W55: 30 | X55: 195 | Y55: 20230512 | Z55: IV | AA55: Nova-seq | AB55: 6 | AC55: 海普洛斯 | AD55: 0 | AE55: IPAH/HPAH | AF55: bf0001337 | AG55: IPAH/HPAH | AH55: 308 | AI55: 王玉梅 | AJ55: 42522 | AK55: IPAH | AL55: 2 | AM55: 28 | AN55: 360 | AO55: 2 | AP55: 48 | AQ55: 153 | AR55: 1.52 | AS55: 55 | AT55: 95 | AU55: 65 | AV55: 80 | AW55: 1 | AX55: 26 | AY55: 5 | AZ55: 4.9 | BA55: 3.22 | BB55: 4.29 | BC55: 74.3 | BD55: 0 | BE55: 1219 | BF55: 171 | BG55: 76.33 | BH55: 5.84 | BI55: 0 | BJ55: 0 | BK55: 0 | BL55: 0 | BM55: 0 | BN55: 43818 | BO55: 4 | BP55: 1 | BQ55: 0 | BR55: 0 | BS55: 1 | BT55: 1 | BU55: 0 | BV55: 0 | BW55: 0 | BX55: 0 | BY55: 0 | BZ55: 0 | CA55: 0 | CB55: 1
A56: 2022年11月 | B56: H2 | C56: BF0006654E1 | D56: 4号冰箱#1-1-2-1 | E56: No T4PNK treatment | F56: TRUE | G56: FALSE | H56: GDM20230512-IV_GCTCAGGA | I56: G2847 | J56: 肺动脉高压 | K56: 北京协和医院 | L56: 荆志成 | M56: Plasma | N56: 0 | O56: 0 | P56: s43 | Q56: GCTCAGGA | R56: 0 | S56: LXY | T56: 20230509 | U56: 4.32 | V56: 6.9444444 | W56: 30 | X56: 195 | Y56: 20230512 | Z56: IV | AA56: Nova-seq | AB56: 6 | AC56: 海普洛斯 | AD56: 2022.11.11 | AE56: IPAH/HPAH | AF56: bf0006654 | AG56: IPAH/HPAH | AH56: b4294 | AI56: 臧翎合 | AJ56: 43522 | AK56: 特发性肺动脉高压，心脏扩大，心功能ii级 | AL56: 1 | AM56: 11 | AN56: 408 | AO56: 2 | AP56: 41 | AQ56: 157 | AR56: 1.46 | AS56: 0 | AT56: 115 | AU56: 54 | AV56: 66 | AW56: 6 | AX56: 59 | AY56: 6 | AZ56: 4.23 | BA56: 2.9 | BB56: 12.53 | BC56: 70.5 | BD56: 0 | BE56: 643 | BF56: 0 | BG56: 61.72 | BH56: 3.91 | BI56: 0 | BJ56: 0 | BK56: 0 | BL56: 0 | BM56: 0 | BN56: 0 | BO56: 0 | BP56: 0 | BQ56: 0 | BR56: 0 | BS56: 0 | BT56: 0 | BU56: 0 | BV56: 0 | BW56: 0 | BX56: 0 | BY56: 0 | BZ56: 0 | CA56: 0 | CB56: 0
A57: 2022年11月 | B57: H3 | C57: BF0001636E3 | D57: 4号冰箱#1-1-2-1 | E57: No T4PNK treatment | F57: TRUE | G57: FALSE | H57: GDM20230512-IV_AGGAGTCC | I57: G2848 | J57: 肺动脉高压 | K57: 北京协和医院 | L57: 荆志成 | M57: Plasma | N57: 0 | O57: 0 | P57: s45 | Q57: AGGAGTCC | R57: 0 | S57: LXY | T57: 20230509 | U57: 10.3 | V57: 2.9126214 | W57: 30 | X57: 195 | Y57: 20230512 | Z57: IV | AA57: Nova-seq | AB57: 6 | AC57: 海普洛斯 | AD57: 2022.11.11 | AE57: IPAH/HPAH | AF57: bf0001636 | AG57: IPAH/HPAH | AH57: b2366 | AI57: 阚闯 | AJ57: 42592 | AK57: ipah | AL57: 1 | AM57: 30 | AN57: 380 | AO57: 3 | AP57: 56 | AQ57: 167 | AR57: 1.7 | AS57: 0 | AT57: 116 | AU57: 68 | AV57: 65 | AW57: 12 | AX57: 98 | AY57: 12 | AZ57: 4.55 | BA57: 2.68 | BB57: 18.9 | BC57: 62.4 | BD57: 0 | BE57: 0 | BF57: 0 | BG57: 88.5 | BH57: 5.9 | BI57: 0 | BJ57: 0 | BK57: 0 | BL57: 1 | BM57: 0 | BN57: 43070 | BO57: 0 | BP57: 0 | BQ57: 0 | BR57: 0 | BS57: 0 | BT57: 0 | BU57: 0 | BV57: 0 | BW57: 0 | BX57: 0 | BY57: 0 | BZ57: 0 | CA57: 0 | CB57: 0
A58: 2022年11月 | B58: H4 | C58: PA003027E1 | D58: 4号冰箱#1-1-2-1 | E58: No T4PNK treatment | F58: TRUE | G58: FALSE | H58: GDM20230512-IV_CATGCCTA | I58: G2849 | J58: 肺动脉高压 | K58: 北京协和医院 | L58: 荆志成 | M58: Plasma | N58: 0 | O58: 0 | P58: s47 | Q58: CATGCCTA | R58: 0 | S58: LXY | T58: 20230509 | U58: 7.74 | V58: 3.875969 | W58: 30 | X58: 195 | Y58: 20230512 | Z58: IV | AA58: Nova-seq | AB58: 6 | AC58: 海普洛斯 | AD58: 2022.11.11 | AE58: IPAH/HPAH | AF58: pa003027 | AG58: IPAH/HPAH | AH58: 2749 | AI58: 王千娃 | AJ58: 43307 | AK58: 特发性肺动脉高压apvt+ | AL58: 2 | AM58: 18 | AN58: 510 | AO58: 2 | AP58: 62 | AQ58: 168 | AR58: 1.78 | AS58: 0 | AT58: 110 | AU58: 62 | AV58: 67 | AW58: 6 | AX58: 31 | AY58: 12 | AZ58: 6.7 | BA58: 3.76 | BB58: 2.84 | BC58: 80.4 | BD58: 1 | BE58: 1120 | BF58: #NULL! | BG58: 44 | BH58: 3.7 | BI58: 0 | BJ58: 0 | BK58: 0 | BL58: 0 | BM58: 0 | BN58: 43828 | BO58: 0 | BP58: 0 | BQ58: 0 | BR58: 0 | BS58: 0 | BT58: 0 | BU58: 0 | BV58: 0 | BW58: 0 | BX58: 0 | BY58: 0 | BZ58: 0 | CA58: 0 | CB58: 0
A59: 2022年11月 | B59: H5 | C59: SVC002259E4 | D59: 4号冰箱#1-1-2-1 | E59: No T4PNK treatment | F59: TRUE | G59: FALSE | H59: GDM20230512-IV_GTAGAGAG | I59: G2850 | J59: 肺动脉高压 | K59: 北京协和医院 | L59: 荆志成 | M59: Plasma | N59: 0 | O59: 0 | P59: s49 | Q59: GTAGAGAG | R59: 0 | S59: LXY | T59: 20230509 | U59: 9.3 | V59: 3.2258065 | W59: 30 | X59: 195 | Y59: 20230512 | Z59: IV | AA59: Nova-seq | AB59: 6 | AC59: 海普洛斯 | AD59: 2022.11.11 | AE59: IPAH/HPAH | AF59: svc002259 | AG59: IPAH/HPAH | AH59: b3640 | AI59: 牛梦雪 | AJ59: 43125 | AK59: hpah、心律失常、阵发性交界性心动过速、心功能ii级 | AL59: 2 | AM59: 8 | AN59: 480 | AO59: 2 | AP59: 35 | AQ59: 136 | AR59: 1.25 | AS59: 0 | AT59: 92 | AU59: 59 | AV59: 90 | AW59: 10 | AX59: 46 | AY59: 12 | AZ59: 3.23 | BA59: 2.58 | BB59: 10.53 | BC59: 66.7 | BD59: 0 | BE59: 172 | BF59: 0 | BG59: 41.03 | BH59: 5.3 | BI59: 0 | BJ59: 0 | BK59: 0 | BL59: 0 | BM59: 0 | BN59: 0 | BO59: 0 | BP59: 0 | BQ59: 0 | BR59: 0 | BS59: 0 | BT59: 0 | BU59: 0 | BV59: 0 | BW59: 0 | BX59: 0 | BY59: 0 | BZ59: 0 | CA59: 0 | CB59: 0
A60: 2022年11月 | B60: H6 | C60: BF0003045E2 | D60: 4号冰箱#1-1-2-1 | E60: No T4PNK treatment | F60: TRUE | G60: FALSE | H60: GDM20230512-IV_CCTCTCTG | I60: G2851 | J60: 肺动脉高压 | K60: 北京协和医院 | L60: 荆志成 | M60: Plasma | N60: 0 | O60: 0 | P60: S88 | Q60: CCTCTCTG | R60: 0 | S60: LXY | T60: 20230509 | U60: 9.08 | V60: 3.3039648 | W60: 30 | X60: 195 | Y60: 20230512 | Z60: IV | AA60: Nova-seq | AB60: 6 | AC60: 海普洛斯 | AD60: 2022.11.11 | AE60: IPAH/HPAH | AF60: bf0003045 | AG60: IPAH/HPAH | AH60: b3117=2149 | AI60: 纳秀芬 | AJ60: 42879 | AK60: IPAH | AL60: 2 | AM60: 52 | AN60: 476 | AO60: 3 | AP60: 0 | AQ60: 0 | AR60: 0 | AS60: 0 | AT60: 0 | AU60: 0 | AV60: 0 | AW60: 0 | AX60: 0 | AY60: 0 | AZ60: 0 | BA60: 0 | BB60: 0 | BC60: 0 | BD60: 0 | BE60: #NULL! | BF60: 260 | BG60: 74 | BH60: 6 | BI60: 0 | BJ60: 0 | BK60: 0 | BL60: 0 | BM60: 0 | BN60: 43791 | BO60: 0 | BP60: 0 | BQ60: 0 | BR60: 0 | BS60: 0 | BT60: 0 | BU60: 0 | BV60: 0 | BW60: 0 | BX60: 0 | BY60: 0 | BZ60: 0 | CA60: 0 | CB60: 0
A61: 2022年11月 | B61: H8 | C61: BF0000393E1 | D61: 4号冰箱#1-1-2-1 | E61: No T4PNK treatment | F61: TRUE | G61: FALSE | H61: GDM20230512-IV_GTAAGGAG | I61: G2853 | J61: 肺动脉高压 | K61: 北京协和医院 | L61: 荆志成 | M61: Plasma | N61: 0 | O61: 0 | P61: S90 | Q61: GTAAGGAG | R61: 0 | S61: LXY | T61: 20230509 | U61: 3.14 | V61: 9.5541401 | W61: 30 | X61: 195 | Y61: 20230512 | Z61: IV | AA61: Nova-seq | AB61: 6 | AC61: 海普洛斯 | AD61: 0 | AE61: IPAH/HPAH | AF61: bf0000393 | AG61: IPAH/HPAH | AH61: b1661 | AI61: 李仲 | AJ61: 42258 | AK61: 特发性肺动脉高压,心脏扩大,心功能Ⅱ级(NYHA分级) | AL61: 2 | AM61: 29 | AN61: 450 | AO61: 1 | AP61: 60 | AQ61: 162 | AR61: 1.72 | AS61: 0 | AT61: 123 | AU61: 83 | AV61: 110 | AW61: 10 | AX61: 70 | AY61: 9 | AZ61: 3.77 | BA61: 2.19 | BB61: 16.18 | BC61: 59.4 | BD61: 0 | BE61: 897 | BF61: 0 | BG61: 52.92 | BH61: 4.29 | BI61: 0 | BJ61: 70 | BK61: 0 | BL61: 0 | BM61: 0 | BN61: 43791 | BO61: 2 | BP61: 0 | BQ61: 1 | BR61: 0 | BS61: 0 | BT61: 0 | BU61: 1 | BV61: 0 | BW61: 0 | BX61: 0 | BY61: 1 | BZ61: 0 | CA61: 1 | CB61: 1
A62: 2022年11月 | B62: I1 | C62: BF0001780E2 | D62: 4号冰箱#1-1-2-1 | E62: No T4PNK treatment | F62: TRUE | G62: FALSE | H62: GDM20230512-IV_ACTGCATA | I62: G2855 | J62: 肺动脉高压 | K62: 北京协和医院 | L62: 荆志成 | M62: Plasma | N62: 0 | O62: 0 | P62: S92 | Q62: ACTGCATA | R62: 0 | S62: LXY | T62: 20230509 | U62: 3.48 | V62: 8.6206897 | W62: 30 | X62: 195 | Y62: 20230512 | Z62: IV | AA62: Nova-seq | AB62: 6 | AC62: 海普洛斯 | AD62: 2022.11.11 | AE62: IPAH/HPAH | AF62: bf0001780 | AG62: IPAH/HPAH | AH62: b2456 | AI62: 陈花 | AJ62: 42626 | AK62: 特发性肺动脉高压,心脏扩大,心功能III级(NYHA分级),高血压 | AL62: 2 | AM62: 48 | AN62: #NULL! | AO62: 2 | AP62: 89 | AQ62: 166 | AR62: 2.11 | AS62: 0 | AT62: 111 | AU62: 86 | AV62: 84 | AW62: 6 | AX62: 65 | AY62: 10 | AZ62: 2.7 | BA62: 1.28 | BB62: 20.37 | BC62: 53.5 | BD62: 0 | BE62: 5127 | BF62: 0 | BG62: 90.83 | BH62: 7.39 | BI62: 0 | BJ62: 39 | BK62: 0 | BL62: 0 | BM62: 0 | BN62: 43817 | BO62: 2 | BP62: 0 | BQ62: 1 | BR62: 0 | BS62: 0 | BT62: 0 | BU62: 1 | BV62: 0 | BW62: 1 | BX62: 0 | BY62: 0 | BZ62: 0 | CA62: 1 | CB62: 1
A63: 2022年11月 | B63: I4 | C63: SVC002681E5 | D63: 4号冰箱#1-1-2-1 | E63: No T4PNK treatment | F63: TRUE | G63: FALSE | H63: GDM20230512-IV_TCTCTCCG | I63: G2858 | J63: 肺动脉高压 | K63: 北京协和医院 | L63: 荆志成 | M63: Plasma | N63: 0 | O63: 0 | P63: S95 | Q63: TCTCTCCG | R63: 0 | S63: LXY | T63: 20230509 | U63: 6.8 | V63: 4.4117647 | W63: 30 | X63: 195 | Y63: 20230512 | Z63: IV | AA63: Nova-seq | AB63: 6 | AC63: 海普洛斯 | AD63: 2022.11.11 | AE63: IPAH/HPAH | AF63: svc002681 | AG63: IPAH/HPAH | AH63: b1490 | AI63: 刘丹 | AJ63: 43265 | AK63: 特发性肺动脉高压,完全性右束支传导阻滞,心脏扩大,心功能I级(NYHA分级),肝囊肿,后天性肾囊肿 | AL63: 2 | AM63: 39 | AN63: 607 | AO63: 1 | AP63: 60 | AQ63: 172 | AR63: 1.78 | AS63: 0 | AT63: 123 | AU63: 58 | AV63: 75 | AW63: 3 | AX63: 45 | AY63: 7 | AZ63: 4.8 | BA63: 2.7 | BB63: 7.92 | BC63: 73.4 | BD63: 1 | BE63: 147 | BF63: 0 | BG63: 63.36 | BH63: 3.58 | BI63: 0 | BJ63: 72 | BK63: 0 | BL63: 0 | BM63: 0 | BN63: 43818 | BO63: 2 | BP63: 0 | BQ63: 1 | BR63: 0 | BS63: 0 | BT63: 0 | BU63: 1 | BV63: 0 | BW63: 1 | BX63: 0 | BY63: 0 | BZ63: 0 | CA63: 0 | CB63: 0
A64: 2022年11月 | B64: I5 | C64: BF0001071E4 | D64: 4号冰箱#1-1-2-1 | E64: No T4PNK treatment | F64: TRUE | G64: FALSE | H64: GDM20230512-V_GCGTAAGA | I64: G2859 | J64: 肺动脉高压 | K64: 北京协和医院 | L64: 荆志成 | M64: Plasma | N64: 0 | O64: 0 | P64: S96 | Q64: GCGTAAGA | R64: 0 | S64: LXY | T64: 20230510 | U64: 5.22 | V64: 5.7471264 | W64: 30 | X64: 196 | Y64: 20230512 | Z64: V | AA64: Nova-seq | AB64: 6 | AC64: 海普洛斯 | AD64: 0 | AE64: IPAH/HPAH | AF64: bf0001071 | AG64: IPAH/HPAH | AH64: 992 | AI64: 余小萌 | AJ64: 42447 | AK64: ipah | AL64: 2 | AM64: 25 | AN64: 0 | AO64: 0 | AP64: 55.5 | AQ64: 168 | AR64: 1.63 | AS64: 0 | AT64: 103 | AU64: 65 | AV64: 100 | AW64: 3 | AX64: 64 | AY64: 10 | AZ64: 7.03 | BA64: 4.31 | BB64: 7.68 | BC64: 73.5 | BD64: 0 | BE64: 0 | BF64: 0 | BG64: 0 | BH64: 0 | BI64: 0 | BJ64: 0 | BK64: 0 | BL64: 0 | BM64: 0 | BN64: 0 | BO64: 0 | BP64: 0 | BQ64: 0 | BR64: 0 | BS64: 0 | BT64: 0 | BU64: 0 | BV64: 0 | BW64: 0 | BX64: 0 | BY64: 0 | BZ64: 0 | CA64: 0 | CB64: 0
A65: 2022年11月 | B65: I7 | C65: SVC001525E9 | D65: 4号冰箱#1-1-2-1 | E65: No T4PNK treatment | F65: TRUE | G65: FALSE | H65: GDM20230512-V_CTCTCTAT | I65: G2861 | J65: 肺动脉高压 | K65: 北京协和医院 | L65: 荆志成 | M65: Plasma | N65: 0 | O65: 0 | P65: S98 | Q65: CTCTCTAT | R65: 0 | S65: LXY | T65: 20230510 | U65: 6.38 | V65: 4.7021944 | W65: 30 | X65: 196 | Y65: 20230512 | Z65: V | AA65: Nova-seq | AB65: 6 | AC65: 海普洛斯 | AD65: 2022.11.11 | AE65: IPAH/HPAH | AF65: svc001525 | AG65: IPAH/HPAH | AH65: b2181 | AI65: 刘斐 | AJ65: 42866 | AK65: 特发性肺动脉高压,心脏扩大,心功能Ⅱ级(NYHA分级),高血压3级 | AL65: 2 | AM65: 35 | AN65: 525 | AO65: 1 | AP65: 57 | AQ65: 155 | AR65: 1.64 | AS65: 0 | AT65: 90 | AU65: 67 | AV65: 95 | AW65: 9 | AX65: 52 | AY65: 9 | AZ65: 3.07 | BA65: 1.87 | BB65: 14.01 | BC65: 63.9 | BD65: 0 | BE65: 843 | BF65: 0 | BG65: 74.82 | BH65: 3.41 | BI65: 0 | BJ65: 62 | BK65: 0 | BL65: 0 | BM65: 0 | BN65: 43791 | BO65: 2 | BP65: 0 | BQ65: 1 | BR65: 0 | BS65: 1 | BT65: 0 | BU65: 0 | BV65: 0 | BW65: 1 | BX65: 0 | BY65: 0 | BZ65: 0 | CA65: 0 | CB65: 1
A66: 2022年11月 | B66: I8 | C66: PA001697E2 | D66: 4号冰箱#1-1-2-1 | E66: No T4PNK treatment | F66: TRUE | G66: FALSE | H66: GDM20230512-V_AGAGTAGA | I66: G2862 | J66: 肺动脉高压 | K66: 北京协和医院 | L66: 荆志成 | M66: Plasma | N66: 0 | O66: 0 | P66: S99 | Q66: AGAGTAGA | R66: 0 | S66: LXY | T66: 20230510 | U66: 3.18 | V66: 9.4339623 | W66: 30 | X66: 196 | Y66: 20230512 | Z66: V | AA66: Nova-seq | AB66: 6 | AC66: 海普洛斯 | AD66: 2022.11.11 | AE66: IPAH/HPAH | AF66: pa001697 | AG66: IPAH/HPAH | AH66: b1985 | AI66: 蔡丽友 | AJ66: 42933 | AK66: ipah | AL66: 2 | AM66: 17 | AN66: 480 | AO66: 3 | AP66: 49 | AQ66: 153 | AR66: 1.53 | AS66: 0 | AT66: 97 | AU66: 60 | AV66: 68 | AW66: 4 | AX66: 67 | AY66: 7 | AZ66: 3.13 | BA66: 2.05 | BB66: 19.17 | BC66: 64.6 | BD66: 0 | BE66: 0 | BF66: 0 | BG66: 49.89 | BH66: 4.4 | BI66: 0 | BJ66: 0 | BK66: 0 | BL66: 0 | BM66: 0 | BN66: 43830 | BO66: 0 | BP66: 0 | BQ66: 0 | BR66: 0 | BS66: 0 | BT66: 0 | BU66: 0 | BV66: 0 | BW66: 0 | BX66: 0 | BY66: 0 | BZ66: 0 | CA66: 0 | CB66: 0
A67: 2022年11月 | B67: I9 | C67: BF0005373E1 | D67: 4号冰箱#1-1-2-1 | E67: No T4PNK treatment | F67: TRUE | G67: FALSE | H67: GDM20230512-V_AGCGTAGC | I67: G2863 | J67: 肺动脉高压 | K67: 北京协和医院 | L67: 荆志成 | M67: Plasma | N67: 0 | O67: 0 | P67: S25 | Q67: AGCGTAGC | R67: 0 | S67: LXY | T67: 20230510 | U67: 5.4 | V67: 5.5555556 | W67: 30 | X67: 196 | Y67: 20230512 | Z67: V | AA67: Nova-seq | AB67: 6 | AC67: 海普洛斯 | AD67: 2022.11.11 | AE67: IPAH/HPAH | AF67: bf0005373 | AG67: IPAH/HPAH | AH67: b3973 | AI67: 李铭菲 | AJ67: ua | AK67: 特发性肺动脉高压，心脏扩大，心功能ii级，蛋白c缺乏 | AL67: 2 | AM67: 10 | AN67: 480 | AO67: 2 | AP67: 26 | AQ67: 135 | AR67: 1.14 | AS67: 0 | AT67: 90 | AU67: 68 | AV67: 114 | AW67: 5 | AX67: 75 | AY67: 10 | AZ67: 3.47 | BA67: 3.05 | BB67: 18.73 | BC67: 94.2 | BD67: 0 | BE67: 693 | BF67: 0 | BG67: 35.49 | BH67: 4.91 | BI67: 0 | BJ67: 0 | BK67: 0 | BL67: 0 | BM67: 0 | BN67: 0 | BO67: 0 | BP67: 0 | BQ67: 0 | BR67: 0 | BS67: 0 | BT67: 0 | BU67: 0 | BV67: 0 | BW67: 0 | BX67: 0 | BY67: 0 | BZ67: 0 | CA67: 0 | CB67: 0
A68: 2022年11月 | B68: A1 | C68: BF0004671E1 | D68: 4号冰箱#1-1-2-2 | E68: No T4PNK treatment | F68: TRUE | G68: FALSE | H68: GDM20230512-V_TCGCCTTA | I68: G2864 | J68: 肺动脉高压 | K68: 北京协和医院 | L68: 荆志成 | M68: Plasma | N68: 0 | O68: 0 | P68: S37 | Q68: TCGCCTTA | R68: 0 | S68: LXY | T68: 20230510 | U68: 8.34 | V68: 3.5971223 | W68: 30 | X68: 196 | Y68: 20230512 | Z68: V | AA68: Nova-seq | AB68: 6 | AC68: 海普洛斯 | AD68: 2022.11.11 | AE68: IPAH/HPAH | AF68: bf0004671 | AG68: IPAH/HPAH | AH68: b3741 | AI68: 张维予 | AJ68: 43176 | AK68: IPAH | AL68: 2 | AM68: 11月 | AN68: 0 | AO68: 3 | AP68: 0 | AQ68: 0 | AR68: 0 | AS68: 0 | AT68: 0 | AU68: 0 | AV68: 0 | AW68: 0 | AX68: 0 | AY68: 0 | AZ68: 0 | BA68: 0 | BB68: 0 | BC68: 0 | BD68: 0 | BE68: 0 | BF68: 0 | BG68: 0 | BH68: 0 | BI68: 0 | BJ68: 0 | BK68: 0 | BL68: 0 | BM68: 0 | BN68: 0 | BO68: 0 | BP68: 0 | BQ68: 0 | BR68: 0 | BS68: 0 | BT68: 0 | BU68: 0 | BV68: 0 | BW68: 0 | BX68: 0 | BY68: 0 | BZ68: 0 | CA68: 0 | CB68: 0
A69: 2022年11月 | B69: A2 | C69: BF0007563E5 | D69: 4号冰箱#1-1-2-2 | E69: No T4PNK treatment | F69: TRUE | G69: FALSE | H69: GDM20230512-V_CTAGTACG | I69: G2865 | J69: 肺动脉高压 | K69: 北京协和医院 | L69: 荆志成 | M69: Plasma | N69: 0 | O69: 0 | P69: s39 | Q69: CTAGTACG | R69: 0 | S69: LXY | T69: 20230510 | U69: 7.16 | V69: 4.1899441 | W69: 30 | X69: 196 | Y69: 20230512 | Z69: V | AA69: Nova-seq | AB69: 6 | AC69: 海普洛斯 | AD69: 2022.11.11 | AE69: IPAH/HPAH | AF69: bf0007563 | AG69: IPAH/HPAH | AH69: b1969 | AI69: 杨茗惠 | AJ69: 43663 | AK69: ipah，心脏扩大，三尖瓣重度关闭不全，心功能i级，高同型半胱氨酸血症 | AL69: 2 | AM69: 8 | AN69: 0 | AO69: 1 | AP69: 31 | AQ69: 139 | AR69: 0 | AS69: 0 | AT69: 102 | AU69: 64 | AV69: 80 | AW69: 6 | AX69: 54 | AY69: 14 | AZ69: 2.8 | BA69: 2.29 | BB69: 14.29 | BC69: 59.7 | BD69: 0 | BE69: 0 | BF69: 0 | BG69: 0 | BH69: 0 | BI69: 0 | BJ69: 0 | BK69: 0 | BL69: 0 | BM69: 0 | BN69: 0 | BO69: 0 | BP69: 0 | BQ69: 0 | BR69: 0 | BS69: 0 | BT69: 0 | BU69: 0 | BV69: 0 | BW69: 0 | BX69: 0 | BY69: 0 | BZ69: 0 | CA69: 0 | CB69: 0
A70: 2022年11月 | B70: A3 | C70: BF0002321E1 | D70: 4号冰箱#1-1-2-2 | E70: No T4PNK treatment | F70: TRUE | G70: FALSE | H70: GDM20230512-V_TTCTGCCT | I70: G2866 | J70: 肺动脉高压 | K70: 北京协和医院 | L70: 荆志成 | M70: Plasma | N70: 0 | O70: 0 | P70: s41 | Q70: TTCTGCCT | R70: 0 | S70: LXY | T70: 20230510 | U70: 5.7 | V70: 5.2631579 | W70: 30 | X70: 196 | Y70: 20230512 | Z70: V | AA70: Nova-seq | AB70: 6 | AC70: 海普洛斯 | AD70: 2022.11.11 | AE70: IPAH/HPAH | AF70: bf0002321 | AG70: IPAH/HPAH | AH70: b2489 | AI70: 孟甜甜 | AJ70: 42739 | AK70: 特发性肺动脉高压,心脏扩大,非风湿性三尖瓣关闭不全,心功能III级(NYHA分级) | AL70: 2 | AM70: 28 | AN70: 420 | AO70: 2 | AP70: 80 | AQ70: 160 | AR70: 1.96 | AS70: 0 | AT70: 108 | AU70: 60 | AV70: 109 | AW70: 7 | AX70: 77 | AY70: 9 | AZ70: 5.03 | BA70: 2.57 | BB70: 13.52 | BC70: 66.7 | BD70: 0 | BE70: 1266 | BF70: 0 | BG70: 64.86 | BH70: 5.35 | BI70: 0 | BJ70: 57 | BK70: 0 | BL70: 0 | BM70: 0 | BN70: 43791 | BO70: 3 | BP70: 0 | BQ70: 0 | BR70: 1 | BS70: 0 | BT70: 0 | BU70: 1 | BV70: 1 | BW70: 0 | BX70: 0 | BY70: 0 | BZ70: 1 | CA70: 1 | CB70: 1
A71: 2022年11月 | B71: A5 | C71: BF0002924E3 | D71: 4号冰箱#1-1-2-2 | E71: No T4PNK treatment | F71: TRUE | G71: FALSE | H71: GDM20230512-V_AGGAGTCC | I71: G2868 | J71: 肺动脉高压 | K71: 北京协和医院 | L71: 荆志成 | M71: Plasma | N71: 0 | O71: 0 | P71: s45 | Q71: AGGAGTCC | R71: 0 | S71: LXY | T71: 20230510 | U71: 5.3 | V71: 5.6603774 | W71: 30 | X71: 196 | Y71: 20230512 | Z71: V | AA71: Nova-seq | AB71: 6 | AC71: 海普洛斯 | AD71: 2022.11.11 | AE71: IPAH/HPAH | AF71: bf0002924 | AG71: IPAH/HPAH | AH71: b3034 | AI71: 王孝敏 | AJ71: 42853 | AK71: ipah、心脏扩大、三尖瓣重度关闭不全、肺动脉瓣重度关闭不全、心功能iii级、心包积液、低蛋白血症、低氧血症、肝占位性病变、肝门静脉-肝右静脉瘘、血小板减少、肝功能异常 | AL71: 2 | AM71: 30 | AN71: 440 | AO71: 3 | AP71: 77 | AQ71: 174 | AR71: 2.01 | AS71: 0 | AT71: 114 | AU71: 71 | AV71: 73 | AW71: 4 | AX71: 52 | AY71: 14 | AZ71: 6.57 | BA71: 3.27 | BB71: 5.78 | BC71: 77.8 | BD71: 0 | BE71: 0 | BF71: 0 | BG71: 0 | BH71: 0 | BI71: 0 | BJ71: 0 | BK71: 0 | BL71: 0 | BM71: 0 | BN71: 43791 | BO71: 0 | BP71: 0 | BQ71: 0 | BR71: 0 | BS71: 0 | BT71: 0 | BU71: 0 | BV71: 0 | BW71: 0 | BX71: 0 | BY71: 0 | BZ71: 0 | CA71: 0 | CB71: 0
A72: 2022年11月 | B72: A6 | C72: BF0003226E2 | D72: 4号冰箱#1-1-2-2 | E72: No T4PNK treatment | F72: TRUE | G72: FALSE | H72: GDM20230512-V_CATGCCTA | I72: G2869 | J72: 肺动脉高压 | K72: 北京协和医院 | L72: 荆志成 | M72: Plasma | N72: 0 | O72: 0 | P72: s47 | Q72: CATGCCTA | R72: 0 | S72: LXY | T72: 20230510 | U72: 10.2 | V72: 2.9411765 | W72: 30 | X72: 196 | Y72: 20230512 | Z72: V | AA72: Nova-seq | AB72: 6 | AC72: 海普洛斯 | AD72: 2022.11.11 | AE72: IPAH/HPAH | AF72: bf0003226 | AG72: IPAH/HPAH | AH72: b2437 | AI72: 崔雪 | AJ72: 42922 | AK72: ipah | AL72: 2 | AM72: 12 | AN72: 380 | AO72: 3 | AP72: 49 | AQ72: 158 | AR72: 1.47 | AS72: 0 | AT72: 107 | AU72: 72 | AV72: 79 | AW72: 19 | AX72: 66 | AY72: 7 | AZ72: 2.33 | BA72: 1.88 | BB72: 25.32 | BC72: 27.2 | BD72: 0 | BE72: 0 | BF72: 0 | BG72: 57.86 | BH72: 4.7 | BI72: 0 | BJ72: 0 | BK72: 0 | BL72: 0 | BM72: 0 | BN72: 0 | BO72: 0 | BP72: 0 | BQ72: 0 | BR72: 0 | BS72: 0 | BT72: 0 | BU72: 0 | BV72: 0 | BW72: 0 | BX72: 0 | BY72: 0 | BZ72: 0 | CA72: 0 | CB72: 0
A73: 2022年11月 | B73: A7 | C73: BF0006690E3 | D73: 4号冰箱#1-1-2-2 | E73: No T4PNK treatment | F73: TRUE | G73: FALSE | H73: GDM20230512-V_GTAGAGAG | I73: G2870 | J73: 肺动脉高压 | K73: 北京协和医院 | L73: 荆志成 | M73: Plasma | N73: 0 | O73: 0 | P73: s49 | Q73: GTAGAGAG | R73: 0 | S73: LXY | T73: 20230510 | U73: 5.04 | V73: 5.952381 | W73: 30 | X73: 196 | Y73: 20230512 | Z73: V | AA73: Nova-seq | AB73: 6 | AC73: 海普洛斯 | AD73: 2022.11.11 | AE73: IPAH/HPAH | AF73: bf0006690 | AG73: IPAH/HPAH | AH73: b4730 | AI73: 周宝荣 | AJ73: 43578 | AK73: 特发性肺动脉高压，右房扩大，右室扩大，三尖瓣中重度关闭不全，心功能iii级，继发性高血压（已纠正），左侧肾上腺术后 | AL73: 2 | AM73: 46 | AN73: 0 | AO73: 3 | AP73: 55 | AQ73: 163 | AR73: 1.67 | AS73: 0 | AT73: 92 | AU73: 63 | AV73: 67 | AW73: 7 | AX73: 44 | AY73: 5 | AZ73: 5.17 | BA73: 3.1 | BB73: 7.54 | BC73: 70.3 | BD73: 0 | BE73: 0 | BF73: 0 | BG73: 0 | BH73: 0 | BI73: 44906 | BJ73: 0 | BK73: 0 | BL73: 0 | BM73: 0 | BN73: 0 | BO73: 0 | BP73: 0 | BQ73: 0 | BR73: 0 | BS73: 0 | BT73: 0 | BU73: 0 | BV73: 0 | BW73: 0 | BX73: 0 | BY73: 0 | BZ73: 0 | CA73: 0 | CB73: 0
A74: 2022年11月 | B74: A8 | C74: BF0003781E1 | D74: 4号冰箱#1-1-2-2 | E74: No T4PNK treatment | F74: TRUE | G74: FALSE | H74: GDM20230512-V_CCTCTCTG | I74: G2871 | J74: 肺动脉高压 | K74: 北京协和医院 | L74: 荆志成 | M74: Plasma | N74: 0 | O74: 0 | P74: S88 | Q74: CCTCTCTG | R74: 0 | S74: LXY | T74: 20230510 | U74: 4.88 | V74: 6.147541 | W74: 30 | X74: 196 | Y74: 20230512 | Z74: V | AA74: Nova-seq | AB74: 6 | AC74: 海普洛斯 | AD74: 2022.11.11 | AE74: IPAH/HPAH | AF74: bf0003781 | AG74: IPAH/HPAH | AH74: b2163 | AI74: 魏莲莲 | AJ74: 42990 | AK74: 特发性肺动脉高压,三尖瓣关闭不全,心脏扩大,心功能IV级(NYHA分级),股骨头缺血性坏死 | AL74: 2 | AM74: 29 | AN74: 120 | AO74: 2 | AP74: 58 | AQ74: 156 | AR74: 1.66 | AS74: 0 | AT74: 95 | AU74: 66 | AV74: 102 | AW74: 10 | AX74: 88 | AY74: 11 | AZ74: 4.13 | BA74: 2.49 | BB74: 18.64 | BC74: 56.8 | BD74: 0 | BE74: 923 | BF74: 0 | BG74: 64.23 | BH74: 5.4 | BI74: 0 | BJ74: 42 | BK74: 0 | BL74: 0 | BM74: 0 | BN74: 43791 | BO74: 3 | BP74: 0 | BQ74: 0 | BR74: 1 | BS74: 0 | BT74: 0 | BU74: 1 | BV74: 1 | BW74: 0 | BX74: 0 | BY74: 1 | BZ74: 0 | CA74: 1 | CB74: 1
A75: 2022年11月 | B75: B2 | C75: BF0005389E1 | D75: 4号冰箱#1-1-2-2 | E75: No T4PNK treatment | F75: TRUE | G75: FALSE | H75: GDM20230512-V_TCCTCTAC | I75: G2874 | J75: 肺动脉高压 | K75: 北京协和医院 | L75: 荆志成 | M75: Plasma | N75: 0 | O75: 0 | P75: S91 | Q75: TCCTCTAC | R75: 0 | S75: LXY | T75: 20230510 | U75: 4.54 | V75: 6.6079295 | W75: 30 | X75: 196 | Y75: 20230512 | Z75: V | AA75: Nova-seq | AB75: 6 | AC75: 海普洛斯 | AD75: 2022.11.11 | AE75: IPAH/HPAH | AF75: bf0005389 | AG75: IPAH/HPAH | AH75: b471 | AI75: 马建斌 | AJ75: 43291 | AK75: ipah，急性肺血管扩张试验阳性（co 下降） | AL75: 1 | AM75: 15 | AN75: 460 | AO75: 2 | AP75: 57 | AQ75: 185 | AR75: 1.87 | AS75: 0 | AT75: 114 | AU75: 60 | AV75: 64 | AW75: 6 | AX75: 31 | AY75: 9 | AZ75: 6.33 | BA75: 3.47 | BB75: 3.48 | BC75: 75.3 | BD75: 1 | BE75: 0 | BF75: 0 | BG75: 46.87 | BH75: 4.6 | BI75: 0 | BJ75: 0 | BK75: 0 | BL75: 0 | BM75: 0 | BN75: 0 | BO75: 0 | BP75: 0 | BQ75: 0 | BR75: 0 | BS75: 0 | BT75: 0 | BU75: 0 | BV75: 0 | BW75: 0 | BX75: 0 | BY75: 0 | BZ75: 0 | CA75: 0 | CB75: 0
A76: 2022年11月 | B76: B5 | C76: BF0004888E1 | D76: 4号冰箱#1-1-2-2 | E76: No T4PNK treatment | F76: TRUE | G76: FALSE | H76: GDM20230512-VI_CTAAGCCT | I76: G2877 | J76: 肺动脉高压 | K76: 北京协和医院 | L76: 荆志成 | M76: Plasma | N76: 0 | O76: 0 | P76: S94 | Q76: CTAAGCCT | R76: 0 | S76: LXY | T76: 20230510 | U76: 7.42 | V76: 4.0431267 | W76: 30 | X76: 197 | Y76: 20230512 | Z76: VI | AA76: Nova-seq | AB76: 6 | AC76: 海普洛斯 | AD76: 2022.11.11 | AE76: IPAH/HPAH | AF76: bf0004888 | AG76: IPAH/HPAH | AH76: b2450 | AI76: 沈美鑫 | AJ76: 43225 | AK76: ipah | AL76: 2 | AM76: 6 | AN76: 360 | AO76: 2 | AP76: 29 | AQ76: 128 | AR76: 1.13 | AS76: 0 | AT76: 112 | AU76: 69 | AV76: 71 | AW76: 7 | AX76: 46 | AY76: 13 | AZ76: 3.27 | BA76: 1.89 | BB76: 10.09 | BC76: 70.4 | BD76: 1 | BE76: 387 | BF76: 0 | BG76: 41.12 | BH76: 3.72 | BI76: 0 | BJ76: 0 | BK76: 0 | BL76: 0 | BM76: 0 | BN76: 0 | BO76: 0 | BP76: 0 | BQ76: 0 | BR76: 0 | BS76: 0 | BT76: 0 | BU76: 0 | BV76: 0 | BW76: 0 | BX76: 0 | BY76: 0 | BZ76: 0 | CA76: 0 | CB76: 0
A77: 2022年11月 | B77: B6 | C77: BF0002825E1 | D77: 4号冰箱#1-1-2-2 | E77: No T4PNK treatment | F77: TRUE | G77: FALSE | H77: GDM20230512-VI_TCTCTCCG | I77: G2878 | J77: 肺动脉高压 | K77: 北京协和医院 | L77: 荆志成 | M77: Plasma | N77: 0 | O77: 0 | P77: S95 | Q77: TCTCTCCG | R77: 0 | S77: LXY | T77: 20230510 | U77: 5.28 | V77: 5.6818182 | W77: 30 | X77: 197 | Y77: 20230512 | Z77: VI | AA77: Nova-seq | AB77: 6 | AC77: 海普洛斯 | AD77: 2022.11.11 | AE77: IPAH/HPAH | AF77: bf0002825 | AG77: IPAH/HPAH | AH77: b2540 | AI77: 贾少英 | AJ77: 42837 | AK77: HPAH | AL77: 2 | AM77: 26 | AN77: 370 | AO77: 2 | AP77: 43 | AQ77: 155 | AR77: 1.47 | AS77: 93 | AT77: 107 | AU77: 65 | AV77: 83 | AW77: 5 | AX77: 79 | AY77: 5 | AZ77: 2.75 | BA77: 2.2 | BB77: 26.91 | BC77: 61.95 | BD77: 0 | BE77: 583 | BF77: 0 | BG77: 67.99 | BH77: 3.5 | BI77: 0 | BJ77: 0 | BK77: 0 | BL77: 0 | BM77: 0 | BN77: 43817 | BO77: 3 | BP77: 0 | BQ77: 0 | BR77: 1 | BS77: 0 | BT77: 0 | BU77: 1 | BV77: 1 | BW77: 0 | BX77: 0 | BY77: 1 | BZ77: 0 | CA77: 0 | CB77: 1
A78: 2022年11月 | B78: B7 | C78: BF0005154E2 | D78: 4号冰箱#1-1-2-2 | E78: No T4PNK treatment | F78: TRUE | G78: FALSE | H78: GDM20230512-VI_GCGTAAGA | I78: G2879 | J78: 肺动脉高压 | K78: 北京协和医院 | L78: 荆志成 | M78: Plasma | N78: 0 | O78: 0 | P78: S96 | Q78: GCGTAAGA | R78: 0 | S78: LXY | T78: 20230510 | U78: 5.02 | V78: 5.9760956 | W78: 30 | X78: 197 | Y78: 20230512 | Z78: VI | AA78: Nova-seq | AB78: 6 | AC78: 海普洛斯 | AD78: 2022.11.11 | AE78: IPAH/HPAH | AF78: bf0005154 | AG78: IPAH/HPAH | AH78: b3952 | AI78: 张媛 | AJ78: 43248 | AK78: 特发性肺动脉高压,心脏扩大,心功能Ⅱ级(NYHA分级),焦虑状态 | AL78: 2 | AM78: 39 | AN78: 540 | AO78: 1 | AP78: 60 | AQ78: 163 | AR78: 1.73 | AS78: 0 | AT78: 107 | AU78: 69 | AV78: 88 | AW78: 3 | AX78: 32 | AY78: 6 | AZ78: 5.5 | BA78: 3.18 | BB78: 4.73 | BC78: 76.8 | BD78: 0 | BE78: 60 | BF78: 0 | BG78: 72 | BH78: 2.93 | BI78: 0 | BJ78: 32 | BK78: 0 | BL78: 0 | BM78: 0 | BN78: 43791 | BO78: 2 | BP78: 0 | BQ78: 1 | BR78: 0 | BS78: 0 | BT78: 0 | BU78: 1 | BV78: 0 | BW78: 1 | BX78: 0 | BY78: 0 | BZ78: 0 | CA78: 0 | CB78: 0
A79: 2022年11月 | B79: B9 | C79: BF0006814E5 | D79: 4号冰箱#1-1-2-2 | E79: No T4PNK treatment | F79: TRUE | G79: FALSE | H79: GDM20230512-VI_CTCTCTAT | I79: G2881 | J79: 肺动脉高压 | K79: 北京协和医院 | L79: 荆志成 | M79: Plasma | N79: 0 | O79: 0 | P79: S98 | Q79: CTCTCTAT | R79: 0 | S79: LXY | T79: 20230510 | U79: 4.6 | V79: 6.5217391 | W79: 30 | X79: 197 | Y79: 20230512 | Z79: VI | AA79: Nova-seq | AB79: 6 | AC79: 海普洛斯 | AD79: 2022.11.11 | AE79: IPAH/HPAH | AF79: bf0006814 | AG79: IPAH/HPAH | AH79: b4593 | AI79: 王小棚 | AJ79: 43528 | AK79: 特发性肺动脉高压，心脏扩大，心功能ii级，引产术后，缺铁性贫血 | AL79: 2 | AM79: 39 | AN79: 488 | AO79: 2 | AP79: 45 | AQ79: 150 | AR79: 1.34 | AS79: 0 | AT79: 118 | AU79: 80 | AV79: 80 | AW79: 7 | AX79: 41 | AY79: 11 | AZ79: 3.9 | BA79: 2.67 | BB79: 7.69 | BC79: 64.7 | BD79: 0 | BE79: 191 | BF79: 0 | BG79: 58 | BH79: 3.91 | BI79: 44906 | BJ79: 0 | BK79: 0 | BL79: 0 | BM79: 0 | BN79: 0 | BO79: 0 | BP79: 0 | BQ79: 0 | BR79: 0 | BS79: 0 | BT79: 0 | BU79: 0 | BV79: 0 | BW79: 0 | BX79: 0 | BY79: 0 | BZ79: 0 | CA79: 0 | CB79: 0
A80: 2022年11月 | B80: C1 | C80: BF0000898E1 | D80: 4号冰箱#1-1-2-2 | E80: No T4PNK treatment | F80: TRUE | G80: FALSE | H80: GDM20230512-VI_AGAGTAGA | I80: G2882 | J80: 肺动脉高压 | K80: 北京协和医院 | L80: 荆志成 | M80: Plasma | N80: 0 | O80: 0 | P80: S99 | Q80: AGAGTAGA | R80: 0 | S80: LXY | T80: 20230510 | U80: 6.48 | V80: 4.6296296 | W80: 30 | X80: 197 | Y80: 20230512 | Z80: VI | AA80: Nova-seq | AB80: 6 | AC80: 海普洛斯 | AD80: 0 | AE80: IPAH/HPAH | AF80: bf0000898 | AG80: IPAH/HPAH | AH80: 338 | AI80: 刘雅醉 | AJ80: 42389 | AK80: ipah,apvt阳性,关节挛缩 | AL80: 2 | AM80: 11 | AN80: #NULL! | AO80: 3 | AP80: 36 | AQ80: 146 | AR80: 1.33 | AS80: 0 | AT80: 92 | AU80: 52 | AV80: 75 | AW80: 8 | AX80: 50 | AY80: 12 | AZ80: 4.47 | BA80: 3.36 | BB80: 8.5 | BC80: 72.8 | BD80: 1 | BE80: #NULL! | BF80: #NULL! | BG80: 31 | BH80: 3 | BI80: 0 | BJ80: 0 | BK80: 0 | BL80: 0 | BM80: 0 | BN80: 0 | BO80: 0 | BP80: 0 | BQ80: 0 | BR80: 0 | BS80: 0 | BT80: 0 | BU80: 0 | BV80: 0 | BW80: 0 | BX80: 0 | BY80: 0 | BZ80: 0 | CA80: 0 | CB80: 0
A81: 2022年11月 | B81: C2 | C81: BF0001157E2 | D81: 4号冰箱#1-1-2-2 | E81: No T4PNK treatment | F81: TRUE | G81: FALSE | H81: GDM20230512-VI_AGCGTAGC | I81: G2883 | J81: 肺动脉高压 | K81: 北京协和医院 | L81: 荆志成 | M81: Plasma | N81: 0 | O81: 0 | P81: S25 | Q81: AGCGTAGC | R81: 0 | S81: LXY | T81: 20230510 | U81: 8.7 | V81: 3.4482759 | W81: 30 | X81: 197 | Y81: 20230512 | Z81: VI | AA81: Nova-seq | AB81: 6 | AC81: 海普洛斯 | AD81: 0 | AE81: IPAH/HPAH | AF81: bf0001157 | AG81: IPAH/HPAH | AH81: b567 | AI81: 朱俊玲 | AJ81: 42475 | AK81: 原发性肺动脉高压(特发性),心脏扩大,心功能IV级 | AL81: 2 | AM81: 32 | AN81: 398 | AO81: 2 | AP81: 43 | AQ81: 150 | AR81: 1.44 | AS81: 0 | AT81: 135 | AU81: 72 | AV81: 78 | AW81: 12 | AX81: 74 | AY81: 15 | AZ81: 3.7 | BA81: 2.57 | BB81: 15.95 | BC81: 60.7 | BD81: 0 | BE81: 1239 | BF81: 0 | BG81: 76.01 | BH81: 5.91 | BI81: 1 | BJ81: 24 | BK81: 0 | BL81: 1 | BM81: 42522 | BN81: 0 | BO81: 3 | BP81: 0 | BQ81: 0 | BR81: 1 | BS81: 0 | BT81: 0 | BU81: 1 | BV81: 1 | BW81: 0 | BX81: 0 | BY81: 0 | BZ81: 0 | CA81: 1 | CB81: 1
A82: 2022年11月 | B82: C3 | C82: BF0001258E1 | D82: 4号冰箱#1-1-2-2 | E82: No T4PNK treatment | F82: TRUE | G82: FALSE | H82: GDM20230512-VI_TCGCCTTA | I82: G2884 | J82: 肺动脉高压 | K82: 北京协和医院 | L82: 荆志成 | M82: Plasma | N82: 0 | O82: 0 | P82: S37 | Q82: TCGCCTTA | R82: 0 | S82: LXY | T82: 20230510 | U82: 7.42 | V82: 4.0431267 | W82: 30 | X82: 197 | Y82: 20230512 | Z82: VI | AA82: Nova-seq | AB82: 6 | AC82: 海普洛斯 | AD82: 0 | AE82: IPAH/HPAH | AF82: bf0001258 | AG82: IPAH/HPAH | AH82: 2026 | AI82: 杨燕菲 | AJ82: 42495 | AK82: ipah | AL82: 2 | AM82: 23 | AN82: 495 | AO82: 1 | AP82: 65 | AQ82: 165 | AR82: 1.72 | AS82: 0 | AT82: 109 | AU82: 57 | AV82: 74 | AW82: 6 | AX82: 62 | AY82: 11 | AZ82: 4.58 | BA82: 2.66 | BB82: 0 | BC82: 65.9 | BD82: 0 | BE82: #NULL! | BF82: 81.2 | BG82: 62 | BH82: 2 | BI82: 0 | BJ82: 0 | BK82: 0 | BL82: 0 | BM82: 0 | BN82: 43819 | BO82: 0 | BP82: 0 | BQ82: 0 | BR82: 0 | BS82: 0 | BT82: 0 | BU82: 0 | BV82: 0 | BW82: 0 | BX82: 0 | BY82: 0 | BZ82: 0 | CA82: 0 | CB82: 0
A83: 2022年11月 | B83: C6 | C83: BF0005082E5 | D83: 4号冰箱#1-1-2-2 | E83: No T4PNK treatment | F83: TRUE | G83: FALSE | H83: GDM20230512-VI_GCTCAGGA | I83: G2887 | J83: 肺动脉高压 | K83: 北京协和医院 | L83: 荆志成 | M83: Plasma | N83: 0 | O83: 0 | P83: s43 | Q83: GCTCAGGA | R83: 0 | S83: LXY | T83: 20230510 | U83: 12.5 | V83: 2.4 | W83: 30 | X83: 197 | Y83: 20230512 | Z83: VI | AA83: Nova-seq | AB83: 6 | AC83: 海普洛斯 | AD83: 2022.11.11 | AE83: IPAH/HPAH | AF83: bf0005082 | AG83: IPAH/HPAH | AH83: b2402 | AI83: 金景伟 | AJ83: 43240 | AK83: 特发性肺动脉高压,心脏扩大,心功能III级(NYHA分级),慢性胃炎,双眼视力低下 | AL83: 1 | AM83: 44 | AN83: #NULL! | AO83: 2 | AP83: 64 | AQ83: 162 | AR83: 1.77 | AS83: 0 | AT83: 95 | AU83: 72 | AV83: 89 | AW83: 16 | AX83: 54 | AY83: 10 | AZ83: 2.57 | BA83: 1.45 | BB83: 17.12 | BC83: 47.4 | BD83: 0 | BE83: 1770 | BF83: 0 | BG83: 82.47 | BH83: 6.57 | BI83: 1 | BJ83: 24 | BK83: 0 | BL83: 1 | BM83: 43313 | BN83: 0 | BO83: 2 | BP83: 0 | BQ83: 1 | BR83: 0 | BS83: 0 | BT83: 0 | BU83: 0 | BV83: 1 | BW83: 0 | BX83: 0 | BY83: 1 | BZ83: 0 | CA83: 1 | CB83: 1
A84: 2022年11月 | B84: C9 | C84: BF0003594E3 | D84: 4号冰箱#1-1-2-2 | E84: No T4PNK treatment | F84: TRUE | G84: FALSE | H84: GDM20230512-VI_GTAGAGAG | I84: G2890 | J84: 肺动脉高压 | K84: 北京协和医院 | L84: 荆志成 | M84: Plasma | N84: 0 | O84: 0 | P84: s49 | Q84: GTAGAGAG | R84: 0 | S84: LXY | T84: 20230510 | U84: 6.62 | V84: 4.5317221 | W84: 30 | X84: 197 | Y84: 20230512 | Z84: VI | AA84: Nova-seq | AB84: 6 | AC84: 海普洛斯 | AD84: 2022.11.11 | AE84: IPAH/HPAH | AF84: bf0003594 | AG84: IPAH/HPAH | AH84: b1950 | AI84: 陈雅芳 | AJ84: 42962 | AK84: 特发性肺动脉高压,心脏扩大,心功能III级(NYHA分级) | AL84: 2 | AM84: 28 | AN84: 471 | AO84: 2 | AP84: 51 | AQ84: 155 | AR84: 1.57 | AS84: 0 | AT84: 118 | AU84: 87 | AV84: 104 | AW84: 9 | AX84: 47 | AY84: 8 | AZ84: 3.67 | BA84: 2.34 | BB84: 10.63 | BC84: 58.9 | BD84: 0 | BE84: 2331 | BF84: 0 | BG84: 71.26 | BH84: 3.84 | BI84: 0 | BJ84: 65 | BK84: 0 | BL84: 0 | BM84: 0 | BN84: 43791 | BO84: 2 | BP84: 0 | BQ84: 1 | BR84: 0 | BS84: 0 | BT84: 0 | BU84: 1 | BV84: 1 | BW84: 0 | BX84: 0 | BY84: 0 | BZ84: 0 | CA84: 0 | CB84: 1
A85: 2022年11月 | B85: D1 | C85: BF0005119E1 | D85: 4号冰箱#1-1-2-2 | E85: No T4PNK treatment | F85: TRUE | G85: FALSE | H85: GDM20230530-I_CCTCTCTG | I85: G2891 | J85: 肺动脉高压 | K85: 北京协和医院 | L85: 荆志成 | M85: Plasma | N85: 0 | O85: 0 | P85: S88 | Q85: CCTCTCTG | R85: 0 | S85: LXY | T85: 20230519 | U85: 5.5 | V85: 5.4545455 | W85: 30 | X85: 201 | Y85: 20230530 | Z85: I | AA85: Nova-seq | AB85: 6 | AC85: 海普洛斯 | AD85: 2022.11.11 | AE85: IPAH/HPAH | AF85: bf0005119 | AG85: IPAH/HPAH | AH85: b1151 | AI85: 陆婷 | AJ85: 43225 | AK85: ipah（分娩相关） | AL85: 2 | AM85: 19 | AN85: 429 | AO85: 2 | AP85: 48 | AQ85: 163 | AR85: 1.58 | AS85: 0 | AT85: 120 | AU85: 49 | AV85: 75 | AW85: 8 | AX85: 88 | AY85: 13 | AZ85: 3.27 | BA85: 2.07 | BB85: 22.94 | BC85: 66.5 | BD85: 0 | BE85: 885 | BF85: 0 | BG85: 54.32 | BH85: 5.66 | BI85: 0 | BJ85: 63 | BK85: 0 | BL85: 0 | BM85: 0 | BN85: 43791 | BO85: 4 | BP85: 1 | BQ85: 0 | BR85: 0 | BS85: 0 | BT85: 0 | BU85: 1 | BV85: 0 | BW85: 0 | BX85: 0 | BY85: 0 | BZ85: 0 | CA85: 0 | CB85: 1
A86: 2022年11月 | B86: D2 | C86: BF0001336E1 | D86: 4号冰箱#1-1-2-2 | E86: No T4PNK treatment | F86: TRUE | G86: FALSE | H86: GDM20230530-I_CAGCCTCG | I86: G2892 | J86: 肺动脉高压 | K86: 北京协和医院 | L86: 荆志成 | M86: Plasma | N86: 0 | O86: 0 | P86: S89 | Q86: CAGCCTCG | R86: 0 | S86: LXY | T86: 20230519 | U86: 8.26 | V86: 3.6319613 | W86: 30 | X86: 201 | Y86: 20230530 | Z86: I | AA86: Nova-seq | AB86: 6 | AC86: 海普洛斯 | AD86: 0 | AE86: IPAH/HPAH | AF86: bf0001336 | AG86: IPAH/HPAH | AH86: b2183 | AI86: 贾静 | AJ86: 42522 | AK86: ipah | AL86: 2 | AM86: 29 | AN86: #NULL! | AO86: 2 | AP86: 45 | AQ86: 158 | AR86: 1.51 | AS86: 0 | AT86: 107 | AU86: 68 | AV86: 81 | AW86: 2 | AX86: 61 | AY86: 0 | AZ86: 3.37 | BA86: 2.23 | BB86: 16.62 | BC86: 65.9 | BD86: 0 | BE86: 0 | BF86: 0 | BG86: 0 | BH86: 5.2 | BI86: 0 | BJ86: 0 | BK86: 0 | BL86: 0 | BM86: 0 | BN86: 0 | BO86: 0 | BP86: 0 | BQ86: 0 | BR86: 0 | BS86: 0 | BT86: 0 | BU86: 0 | BV86: 0 | BW86: 0 | BX86: 0 | BY86: 0 | BZ86: 0 | CA86: 0 | CB86: 0
A87: 2022年11月 | B87: D3 | C87: BF0005046E2 | D87: 4号冰箱#1-1-2-2 | E87: No T4PNK treatment | F87: TRUE | G87: FALSE | H87: GDM20230530-I_GTAAGGAG | I87: G2893 | J87: 肺动脉高压 | K87: 北京协和医院 | L87: 荆志成 | M87: Plasma | N87: 0 | O87: 0 | P87: S90 | Q87: GTAAGGAG | R87: 0 | S87: LXY | T87: 20230519 | U87: 4.92 | V87: 6.097561 | W87: 30 | X87: 201 | Y87: 20230530 | Z87: I | AA87: Nova-seq | AB87: 6 | AC87: 海普洛斯 | AD87: 2022.11.11 | AE87: IPAH/HPAH | AF87: bf0005046 | AG87: IPAH/HPAH | AH87: b3663 | AI87: 刘丽娟 | AJ87: 43235 | AK87: 特发性肺动脉高压,心脏扩大,窦性心动过速,心功能IV级(NYHA分级),肝功能异常,肺部感染,低蛋白血症 | AL87: 2 | AM87: 21 | AN87: 153 | AO87: 2 | AP87: 59 | AQ87: 155 | AR87: 1.67 | AS87: 0 | AT87: 89 | AU87: 64 | AV87: 115 | AW87: 7 | AX87: 53 | AY87: 6 | AZ87: 2.73 | BA87: 1.64 | BB87: 17.22 | BC87: 60.1 | BD87: 0 | BE87: 6043 | BF87: 0 | BG87: 88.16 | BH87: 4.67 | BI87: 0 | BJ87: 22 | BK87: 0 | BL87: 1 | BM87: 0 | BN87: 43815 | BO87: 3 | BP87: 0 | BQ87: 0 | BR87: 1 | BS87: 0 | BT87: 0 | BU87: 1 | BV87: 0 | BW87: 1 | BX87: 0 | BY87: 0 | BZ87: 1 | CA87: 1 | CB87: 1
A88: 2022年11月 | B88: D5 | C88: BF0007369E2 | D88: 4号冰箱#1-1-2-2 | E88: No T4PNK treatment | F88: TRUE | G88: FALSE | H88: GDM20230530-I_ACTGCATA | I88: G2895 | J88: 肺动脉高压 | K88: 北京协和医院 | L88: 荆志成 | M88: Plasma | N88: 0 | O88: 0 | P88: S92 | Q88: ACTGCATA | R88: 0 | S88: LXY | T88: 20230519 | U88: 5.36 | V88: 5.5970149 | W88: 30 | X88: 201 | Y88: 20230530 | Z88: I | AA88: Nova-seq | AB88: 6 | AC88: 海普洛斯 | AD88: 2022.11.11 | AE88: IPAH/HPAH | AF88: bf0007369 | AG88: IPAH/HPAH | AH88: b850 | AI88: 刘思源 | AJ88: 43675 | AK88: 特发性肺动脉高压,心功能I级(NYHA分级),高脂血症 | AL88: 2 | AM88: 29 | AN88: 588 | AO88: 1 | AP88: 80 | AQ88: 173 | AR88: 2.04 | AS88: 0 | AT88: 98 | AU88: 63 | AV88: 80 | AW88: 3 | AX88: 27 | AY88: 5 | AZ88: 7.37 | BA88: 3.61 | BB88: 2.99 | BC88: 76.8 | BD88: 1 | BE88: 16 | BF88: 0 | BG88: 60.38 | BH88: 2.7 | BI88: 0 | BJ88: 48 | BK88: 0 | BL88: 0 | BM88: 0 | BN88: 43791 | BO88: 4 | BP88: 1 | BQ88: 0 | BR88: 0 | BS88: 0 | BT88: 0 | BU88: 0 | BV88: 0 | BW88: 0 | BX88: 0 | BY88: 0 | BZ88: 0 | CA88: 0 | CB88: 0
A89: 2022年11月 | B89: D6 | C89: BF0002690E2 | D89: 4号冰箱#1-1-2-2 | E89: No T4PNK treatment | F89: TRUE | G89: FALSE | H89: GDM20230530-I_AAGGAGTA | I89: G2896 | J89: 肺动脉高压 | K89: 北京协和医院 | L89: 荆志成 | M89: Plasma | N89: 0 | O89: 0 | P89: S93 | Q89: AAGGAGTA | R89: 0 | S89: LXY | T89: 20230519 | U89: 7.46 | V89: 4.0214477 | W89: 30 | X89: 201 | Y89: 20230530 | Z89: I | AA89: Nova-seq | AB89: 6 | AC89: 海普洛斯 | AD89: 2022.11.11 | AE89: IPAH/HPAH | AF89: bf0002690 | AG89: IPAH/HPAH | AH89: b619 | AI89: 李浩然 | AJ89: 42810 | AK89: ipah、hht可能性大、心脏扩大、肺动静脉瘘、鼻出血 | AL89: 1 | AM89: 13 | AN89: #NULL! | AO89: 0 | AP89: 45 | AQ89: 158 | AR89: 1.51 | AS89: 0 | AT89: 120 | AU89: 60 | AV89: 96 | AW89: 2 | AX89: 76 | AY89: 5 | AZ89: 5.17 | BA89: 3.42 | BB89: 13.73 | BC89: 69.8 | BD89: 未见APVT试验 | BE89: 2451 | BF89: #NULL! | BG89: 27.07 | BH89: 4.01 | BI89: 0 | BJ89: 0 | BK89: 0 | BL89: 0 | BM89: 0 | BN89: 0 | BO89: 0 | BP89: 0 | BQ89: 0 | BR89: 0 | BS89: 0 | BT89: 0 | BU89: 0 | BV89: 0 | BW89: 0 | BX89: 0 | BY89: 0 | BZ89: 0 | CA89: 0 | CB89: 0
A90: 2022年11月 | B90: D7 | C90: BF0001288E3 | D90: 4号冰箱#1-1-2-2 | E90: No T4PNK treatment | F90: TRUE | G90: FALSE | H90: GDM20230530-I_CTAAGCCT | I90: G2897 | J90: 肺动脉高压 | K90: 北京协和医院 | L90: 荆志成 | M90: Plasma | N90: 0 | O90: 0 | P90: S94 | Q90: CTAAGCCT | R90: 0 | S90: LXY | T90: 20230519 | U90: 6.7 | V90: 4.4776119 | W90: 30 | X90: 201 | Y90: 20230530 | Z90: I | AA90: Nova-seq | AB90: 6 | AC90: 海普洛斯 | AD90: 0 | AE90: IPAH/HPAH | AF90: bf0001288 | AG90: IPAH/HPAH | AH90: b2194 | AI90: 张召峰 | AJ90: 42509 | AK90: 特发性肺动脉高压,心脏扩大,非风湿性三尖瓣关闭不全,心功能Ⅱ级(NYHA分级),心源性晕厥,支气管哮喘 | AL90: 1 | AM90: 31 | AN90: 410 | AO90: 1 | AP90: 56 | AQ90: 172 | AR90: 1.73 | AS90: 0 | AT90: 91 | AU90: 63 | AV90: 73 | AW90: 6 | AX90: 45 | AY90: 8 | AZ90: 2.67 | BA90: 1.54 | BB90: 13.86 | BC90: 58 | BD90: 0 | BE90: 3429 | BF90: 0 | BG90: 90.3 | BH90: 6.47 | BI90: 1 | BJ90: 4 | BK90: 0 | BL90: 1 | BM90: 42658 | BN90: 0 | BO90: 2 | BP90: 0 | BQ90: 1 | BR90: 0 | BS90: 1 | BT90: 0 | BU90: 0 | BV90: 0 | BW90: 1 | BX90: 0 | BY90: 0 | BZ90: 0 | CA90: 1 | CB90: 1
A91: 2022年11月 | B91: D8 | C91: SVC001366E2 | D91: 4号冰箱#1-1-2-2 | E91: No T4PNK treatment | F91: TRUE | G91: FALSE | H91: GDM20230530-I_TCTCTCCG | I91: G2898 | J91: 肺动脉高压 | K91: 北京协和医院 | L91: 荆志成 | M91: Plasma | N91: 0 | O91: 0 | P91: S95 | Q91: TCTCTCCG | R91: 0 | S91: LXY | T91: 20230519 | U91: 4.58 | V91: 6.5502183 | W91: 30 | X91: 201 | Y91: 20230530 | Z91: I | AA91: Nova-seq | AB91: 6 | AC91: 海普洛斯 | AD91: 2022.11.11 | AE91: IPAH/HPAH | AF91: svc001366 | AG91: IPAH/HPAH | AH91: b2891 | AI91: 张艳君 | AJ91: 42800 | AK91: 特发性肺动脉高压,心脏扩大,心功能III级(NYHA分级),咯血 | AL91: 1 | AM91: 37 | AN91: #NULL! | AO91: 2 | AP91: 61 | AQ91: 167 | AR91: 1.77 | AS91: 0 | AT91: 102 | AU91: 69 | AV91: 92 | AW91: 9 | AX91: 70 | AY91: 8 | AZ91: 3.93 | BA91: 2.22 | BB91: 15.78 | BC91: 68.5 | BD91: 未见APVT试验 | BE91: 3469 | BF91: 0 | BG91: 94.58 | BH91: 5.72 | BI91: 0 | BJ91: 52 | BK91: 0 | BL91: 0 | BM91: 0 | BN91: 43817 | BO91: 2 | BP91: 0 | BQ91: 1 | BR91: 0 | BS91: 0 | BT91: 0 | BU91: 1 | BV91: 0 | BW91: 1 | BX91: 0 | BY91: 0 | BZ91: 0 | CA91: 1 | CB91: 1
A92: 2022年11月 | B92: D9 | C92: BF0000703E2 | D92: 4号冰箱#1-1-2-2 | E92: No T4PNK treatment | F92: TRUE | G92: FALSE | H92: GDM20230530-I_GCGTAAGA | I92: G2899 | J92: 肺动脉高压 | K92: 北京协和医院 | L92: 荆志成 | M92: Plasma | N92: 0 | O92: 0 | P92: S96 | Q92: GCGTAAGA | R92: 0 | S92: LXY | T92: 20230519 | U92: 4.54 | V92: 6.6079295 | W92: 30 | X92: 201 | Y92: 20230530 | Z92: I | AA92: Nova-seq | AB92: 6 | AC92: 海普洛斯 | AD92: 2022.11.11 | AE92: IPAH/HPAH | AF92: bf0000703 | AG92: IPAH/HPAH | AH92: b1811 | AI92: 徐永熙 | AJ92: 42346 | AK92: 特发性肺动脉高压,心脏扩大,心功能Ⅱ级(NYHA分级),颈椎退行性病变,腰椎退行性病变,脂肪肝,乙型病毒性肝炎表面抗原携带者 | AL92: 1 | AM92: 37 | AN92: 538 | AO92: 1 | AP92: 85 | AQ92: 174 | AR92: 2.11 | AS92: 0 | AT92: 102 | AU92: 66 | AV92: 59 | AW92: 9 | AX92: 44 | AY92: 13 | AZ92: 5.1 | BA92: 2.42 | BB92: 6.08 | BC92: 68 | BD92: 0 | BE92: 15 | BF92: 0 | BG92: 68.08 | BH92: 4.55 | BI92: 0 | BJ92: 67 | BK92: 0 | BL92: 0 | BM92: 0 | BN92: 43818 | BO92: 4 | BP92: 1 | BQ92: 0 | BR92: 0 | BS92: 0 | BT92: 0 | BU92: 0 | BV92: 1 | BW92: 0 | BX92: 0 | BY92: 0 | BZ92: 0 | CA92: 0 | CB92: 0
A93: 2022年11月 | B93: E1 | C93: SVC001281E2 | D93: 4号冰箱#1-1-2-2 | E93: No T4PNK treatment | F93: TRUE | G93: FALSE | H93: GDM20230530-I_TAGATCGC | I93: G2900 | J93: 肺动脉高压 | K93: 北京协和医院 | L93: 荆志成 | M93: Plasma | N93: 0 | O93: 0 | P93: S97 | Q93: TAGATCGC | R93: 0 | S93: LXY | T93: 20230519 | U93: 3.86 | V93: 7.7720207 | W93: 30 | X93: 201 | Y93: 20230530 | Z93: I | AA93: Nova-seq | AB93: 6 | AC93: 海普洛斯 | AD93: 2022.11.11 | AE93: IPAH/HPAH | AF93: svc001281 | AG93: IPAH/HPAH | AH93: b2784 | AI93: 李明兰 | AJ93: 42751 | AK93: 特发性肺动脉高压,心脏扩大,心功能III级(NYHA分级),肝血管瘤,甲状腺功能减退,高同型半胱氨酸血症 | AL93: 2 | AM93: 40 | AN93: #NULL! | AO93: 2 | AP93: 75 | AQ93: 168 | AR93: 1.94 | AS93: 0 | AT93: 105 | AU93: 76 | AV93: 106 | AW93: 15 | AX93: 72 | AY93: 12 | AZ93: 4.53 | BA93: 2.34 | BB93: 13.25 | BC93: 63.5 | BD93: 0 | BE93: 3471 | BF93: 0 | BG93: 71.65 | BH93: 6.8 | BI93: 1 | BJ93: 52 | BK93: 0 | BL93: 0 | BM93: 0 | BN93: 43817 | BO93: 4 | BP93: 1 | BQ93: 0 | BR93: 0 | BS93: 0 | BT93: 0 | BU93: 0 | BV93: 0 | BW93: 1 | BX93: 0 | BY93: 0 | BZ93: 0 | CA93: 1 | CB93: 1
A94: 2022年11月 | B94: E2 | C94: BF0000399E1 | D94: 4号冰箱#1-1-2-2 | E94: No T4PNK treatment | F94: TRUE | G94: FALSE | H94: GDM20230530-I_CTCTCTAT | I94: G2901 | J94: 肺动脉高压 | K94: 北京协和医院 | L94: 荆志成 | M94: Plasma | N94: 0 | O94: 0 | P94: S98 | Q94: CTCTCTAT | R94: 0 | S94: LXY | T94: 20230519 | U94: 7.1 | V94: 4.2253521 | W94: 30 | X94: 201 | Y94: 20230530 | Z94: I | AA94: Nova-seq | AB94: 6 | AC94: 海普洛斯 | AD94: 0 | AE94: IPAH/HPAH | AF94: bf0000399 | AG94: IPAH/HPAH | AH94: b1664 | AI94: 单梦曦 | AJ94: 42258 | AK94: 特发性肺动脉高压,心脏扩大,心功能Ⅱ级(NYHA分级),高脂血症,下肢动脉粥样硬化闭塞症 | AL94: 2 | AM94: 27 | AN94: 496 | AO94: 1 | AP94: 59 | AQ94: 162 | AR94: 1.71 | AS94: 0 | AT94: 117 | AU94: 80 | AV94: 87 | AW94: 5 | AX94: 46 | AY94: 7 | AZ94: 4 | BA94: 2.34 | BB94: 9.75 | BC94: 69.7 | BD94: 0 | BE94: 2282 | BF94: 0 | BG94: 52.56 | BH94: 3.21 | BI94: 0 | BJ94: 56 | BK94: 0 | BL94: 0 | BM94: 0 | BN94: 43791 | BO94: 3 | BP94: 0 | BQ94: 0 | BR94: 1 | BS94: 0 | BT94: 0 | BU94: 1 | BV94: 0 | BW94: 1 | BX94: 0 | BY94: 1 | BZ94: 0 | CA94: 1 | CB94: 1
A95: 2022年11月 | B95: E3 | C95: BF0004977E5 | D95: 4号冰箱#1-1-2-2 | E95: No T4PNK treatment | F95: TRUE | G95: FALSE | H95: GDM20230530-I_AGAGTAGA | I95: G2902 | J95: 肺动脉高压 | K95: 北京协和医院 | L95: 荆志成 | M95: Plasma | N95: 0 | O95: 0 | P95: S99 | Q95: AGAGTAGA | R95: 0 | S95: LXY | T95: 20230519 | U95: 6.22 | V95: 4.8231511 | W95: 30 | X95: 201 | Y95: 20230530 | Z95: I | AA95: Nova-seq | AB95: 6 | AC95: 海普洛斯 | AD95: 2022.11.11 | AE95: IPAH/HPAH | AF95: bf0004977 | AG95: IPAH/HPAH | AH95: b697 | AI95: 马风菊 | AJ95: 43222 | AK95: IPAH | AL95: 2 | AM95: 48 | AN95: 522 | AO95: 3 | AP95: 0 | AQ95: 0 | AR95: 0 | AS95: 0 | AT95: 0 | AU95: 0 | AV95: 0 | AW95: 0 | AX95: 0 | AY95: 0 | AZ95: 0 | BA95: 0 | BB95: 0 | BC95: 0 | BD95: 0 | BE95: 0 | BF95: 0 | BG95: 0 | BH95: 0 | BI95: 0 | BJ95: 0 | BK95: 0 | BL95: 0 | BM95: 0 | BN95: 43819 | BO95: 0 | BP95: 0 | BQ95: 1 | BR95: 0 | BS95: 0 | BT95: 0 | BU95: 0 | BV95: 0 | BW95: 0 | BX95: 0 | BY95: 0 | BZ95: 0 | CA95: 0 | CB95: 0
A96: 2022年11月 | B96: E4 | C96: BF0001576E1 | D96: 4号冰箱#1-1-2-2 | E96: No T4PNK treatment | F96: TRUE | G96: FALSE | H96: GDM20230530-I_AGCGTAGC | I96: G2903 | J96: 肺动脉高压 | K96: 北京协和医院 | L96: 荆志成 | M96: Plasma | N96: 0 | O96: 0 | P96: S25 | Q96: AGCGTAGC | R96: 0 | S96: LXY | T96: 20230519 | U96: 6.64 | V96: 4.5180723 | W96: 30 | X96: 201 | Y96: 20230530 | Z96: I | AA96: Nova-seq | AB96: 6 | AC96: 海普洛斯 | AD96: 2022.11.11 | AE96: IPAH/HPAH | AF96: bf0001576 | AG96: IPAH/HPAH | AH96: b2338 | AI96: 林祥 | AJ96: 42581 | AK96: 特发性肺动脉高压,心脏扩大,心功能III级(NYHA分级),慢性浅表性胃炎 | AL96: 1 | AM96: 27 | AN96: #NULL! | AO96: 2 | AP96: 69 | AQ96: 180 | AR96: 1.94 | AS96: 0 | AT96: 103 | AU96: 73 | AV96: 90 | AW96: 4 | AX96: 51 | AY96: 6 | AZ96: 3.73 | BA96: 1.92 | BB96: 12.06 | BC96: 64 | BD96: 0 | BE96: 1880 | BF96: 0 | BG96: 105.35 | BH96: 9.42 | BI96: 0 | BJ96: 60 | BK96: 0 | BL96: 0 | BM96: 0 | BN96: 43791 | BO96: 2 | BP96: 0 | BQ96: 1 | BR96: 0 | BS96: 0 | BT96: 0 | BU96: 1 | BV96: 0 | BW96: 1 | BX96: 0 | BY96: 0 | BZ96: 0 | CA96: 1 | CB96: 1
A97: 2022年11月 | B97: E5 | C97: BF0003055E1 | D97: 4号冰箱#1-1-2-2 | E97: No T4PNK treatment | F97: TRUE | G97: FALSE | H97: GDM20230530-I_TCGCCTTA | I97: G2904 | J97: 肺动脉高压 | K97: 北京协和医院 | L97: 荆志成 | M97: Plasma | N97: 0 | O97: 0 | P97: S37 | Q97: TCGCCTTA | R97: 0 | S97: LXY | T97: 20230519 | U97: 7.24 | V97: 4.1436464 | W97: 30 | X97: 201 | Y97: 20230530 | Z97: I | AA97: Nova-seq | AB97: 6 | AC97: 海普洛斯 | AD97: 2022.11.11 | AE97: IPAH/HPAH | AF97: bf0003055 | AG97: IPAH/HPAH | AH97: b1057 | AI97: 庞敏 | AJ97: 42881 | AK97: 特发性肺动脉高压,心脏扩大,心功能Ⅲ级(NYHA分级),心包积液 | AL97: 2 | AM97: 23 | AN97: 523 | AO97: 2 | AP97: 73 | AQ97: 172 | AR97: 1.94 | AS97: 0 | AT97: 119 | AU97: 81 | AV97: 99 | AW97: 3 | AX97: 41 | AY97: 5 | AZ97: 4 | BA97: 2.06 | BB97: 9 | BC97: 74.1 | BD97: 1 | BE97: 295 | BF97: 0 | BG97: 64.63 | BH97: 3.79 | BI97: 0 | BJ97: 77 | BK97: 0 | BL97: 0 | BM97: 0 | BN97: 43101 | BO97: 4 | BP97: 1 | BQ97: 0 | BR97: 0 | BS97: 0 | BT97: 0 | BU97: 0 | BV97: 0 | BW97: 0 | BX97: 0 | BY97: 0 | BZ97: 0 | CA97: 0 | CB97: 0
A98: 2022年11月 | B98: E6 | C98: SVC001352E1 | D98: 4号冰箱#1-1-2-2 | E98: No T4PNK treatment | F98: TRUE | G98: FALSE | H98: GDM20230530-I_CTAGTACG | I98: G2905 | J98: 肺动脉高压 | K98: 北京协和医院 | L98: 荆志成 | M98: Plasma | N98: 0 | O98: 0 | P98: s39 | Q98: CTAGTACG | R98: 0 | S98: LXY | T98: 20230519 | U98: 4.44 | V98: 6.7567568 | W98: 30 | X98: 201 | Y98: 20230530 | Z98: I | AA98: Nova-seq | AB98: 6 | AC98: 海普洛斯 | AD98: 2022.11.11 | AE98: IPAH/HPAH | AF98: svc001352 | AG98: IPAH/HPAH | AH98: b2879 | AI98: 李思婷 | AJ98: 42796 | AK98: 特发性肺动脉高压,心脏扩大,心功能Ⅱ级(NYHA分级) | AL98: 2 | AM98: 24 | AN98: 420 | AO98: 1 | AP98: 55 | AQ98: 165 | AR98: 1.68 | AS98: 0 | AT98: 99 | AU98: 60 | AV98: 75 | AW98: 8 | AX98: 80 | AY98: 9 | AZ98: 4.03 | BA98: 2.4 | BB98: 17.62 | BC98: 68.2 | BD98: 0 | BE98: 452 | BF98: 0 | BG98: 59.17 | BH98: 6.29 | BI98: 0 | BJ98: 50 | BK98: 0 | BL98: 0 | BM98: 0 | BN98: 43817 | BO98: 3 | BP98: 0 | BQ98: 0 | BR98: 1 | BS98: 0 | BT98: 0 | BU98: 1 | BV98: 0 | BW98: 1 | BX98: 0 | BY98: 0 | BZ98: 1 | CA98: 1 | CB98: 0
A99: 2022年11月 | B99: E7 | C99: BF0000913E1 | D99: 4号冰箱#1-1-2-2 | E99: No T4PNK treatment | F99: TRUE | G99: FALSE | H99: GDM20230530-I_TTCTGCCT | I99: G2906 | J99: 肺动脉高压 | K99: 北京协和医院 | L99: 荆志成 | M99: Plasma | N99: 0 | O99: 0 | P99: s41 | Q99: TTCTGCCT | R99: 0 | S99: LXY | T99: 20230519 | U99: 5.88 | V99: 5.1020408 | W99: 30 | X99: 201 | Y99: 20230530 | Z99: I | AA99: Nova-seq | AB99: 6 | AC99: 海普洛斯 | AD99: 0 | AE99: IPAH/HPAH | AF99: bf0000913 | AG99: IPAH/HPAH | AH99: b1950 | AI99: 陈雅芳 | AJ99: 42402 | AK99: ipah | AL99: 2 | AM99: 28 | AN99: 471 | AO99: 3 | AP99: 51 | AQ99: 155 | AR99: 1.57 | AS99: 0 | AT99: 118 | AU99: 87 | AV99: 104 | AW99: 9 | AX99: 47 | AY99: 8 | AZ99: 3.67 | BA99: 2.34 | BB99: 10.63 | BC99: 58.9 | BD99: 0 | BE99: 0 | BF99: 0 | BG99: 71.64 | BH99: 3.84 | BI99: 0 | BJ99: 0 | BK99: 0 | BL99: 0 | BM99: 0 | BN99: 43791 | BO99: 0 | BP99: 0 | BQ99: 0 | BR99: 0 | BS99: 0 | BT99: 0 | BU99: 0 | BV99: 0 | BW99: 0 | BX99: 0 | BY99: 0 | BZ99: 0 | CA99: 0 | CB99: 0
A100: 2022年11月 | B100: E8 | C100: BF0002019E3 | D100: 4号冰箱#1-1-2-2 | E100: No T4PNK treatment | F100: TRUE | G100: FALSE | H100: GDM20230530-II_GCTCAGGA | I100: G2907 | J100: 肺动脉高压 | K100: 北京协和医院 | L100: 荆志成 | M100: Plasma | N100: 0 | O100: 0 | P100: s43 | Q100: GCTCAGGA | R100: 0 | S100: LXY | T100: 20230523 | U100: 6.36 | V100: 4.7169811 | W100: 30 | X100: 202 | Y100: 20230530 | Z100: II | AA100: Nova-seq | AB100: 6 | AC100: 海普洛斯 | AD100: 2022.11.11 | AE100: IPAH/HPAH | AF100: bf0002019 | AG100: IPAH/HPAH | AH100: b2254 | AI100: 库佩佩 | AJ100: 42690 | AK100: ipah | AL100: 2 | AM100: 26 | AN100: 0 | AO100: 0 | AP100: 64 | AQ100: 161 | AR100: 1.77 | AS100: 0 | AT100: 130 | AU100: 80 | AV100: 88 | AW100: 2 | AX100: 60 | AY100: 10 | AZ100: 5.7 | BA100: 3.22 | BB100: 8.77 | BC100: 64 | BD100: 0 | BE100: 0 | BF100: 0 | BG100: 0 | BH100: 0 | BI100: 0 | BJ100: 0 | BK100: 0 | BL100: 0 | BM100: 0 | BN100: 0 | BO100: 0 | BP100: 0 | BQ100: 0 | BR100: 0 | BS100: 0 | BT100: 0 | BU100: 0 | BV100: 0 | BW100: 0 | BX100: 0 | BY100: 0 | BZ100: 0 | CA100: 0 | CB100: 0
...

Sheet Sheet1
A1: Library_ID | B1: 寄送日期 | C1: 盒子里面位置 | D1: ID | E1: 冰箱存放位置 | F1: 实验方法 | G1: 已完成建库+测序（2024-9） | H1: 已完成建库，但未测序（2024-9） | I1: Library_ID | J1: seqID | K1: Sample type | L1: Clinical center | M1: Sample provider | N1: Specimen type | O1: Adapter | P1: I5 index | Q1: Barcode | R1: Sequence | S1: Reagent | T1: Library maker | U1: Library date | V1: Concentration (ng/ul) | W1: Volume (ul) | X1: Weight (ng) | Y1: Seq batch | Z1: Seq date | AA1: Seq group | AB1: Platform | AC1: Gbase | AD1: Company | AE1: 出库批次 | AF1: 样本号编号 | AG1: 样本编号简化 | AH1: 分类 | AI1: 诊断 | AJ1: 性别 | AK1: 年龄 | AL1: 六mwt | AM1: 心功能分级 | AN1: 体重rhc | AO1: 身高rhc | AP1: 体表面积rhc | AQ1: 右心导管bmi | AR1: 右心导管sbp | AS1: 右心导管dbp | AT1: 右心导管hr | AU1: 右心房压 | AV1: 肺动脉平均压 | AW1: 肺毛细血管楔压 | AX1: 心输出量 | AY1: 心脏指数 | AZ1: 肺血管阻力 | BA1: 混合静脉血氧饱和度 | BB1: ntprobnp | BC1: 肌酐 | BD1: 尿素氮 | BE1: 肾小球滤过率 | BF1: 第1秒用力呼气fev1 | BG1: 一秒率 | BH1: 弥散量 | BI1: 随访结果2021（0=存活，1=死亡，2=失访） | BJ1: 存活时间更新（月） | BK1: 起始用药（2=双药联合，3=三药联合，4=单药，0=未使用靶向药物） | BL1: 起始单药 | BM1: 起始双药联合 | BN1: 起始三药联合 | BO1: 西地那非 | BP1: 伐地那非 | BQ1: 他达那非 | BR1: 波生坦 | BS1: 安立生坦 | BT1: 伊洛前列素 | BU1: 贝前列素 | BV1: 瑞莫杜林 | BW1: 地高辛 | BX1: 利尿补钾 | BZ1: TOTAL | CA1: PDE5i | CB1: ERA | CC1: Prostacyclin | CD1: PDE5i&ERA | CE1: PDE5i&Prostacyclin | CF1: ERA&Prostacyclin | CG1: 新的临床信息查询结果 | CH1: 样本编号简化 | CI1: 分类 | CJ1: 编号 | CK1: 姓名 | CL1: 采血日期 | CM1: 诊断 | CN1: 性别 | CO1: 年龄 | CP1: 六mwt | CQ1: 心功能分级 | CR1: 体重rhc | CS1: 身高rhc | CT1: 体表面积rhc | CU1: 超声测肺动脉收缩压 | CV1: 右心导管sbp | CW1: 右心导管dbp | CX1: 右心导管hr | CY1: 右心房压 | CZ1: 肺动脉平均压 | DA1: 肺毛细血管楔压 | DB1: 心输出量 | DC1: 心脏指数 | DD1: 肺血管阻力 | DE1: 混合静脉血氧饱和度 | DF1: 姓名 | DG1: APVT阳性 | DH1: ntprobnp | DI1: BNP | DJ1: 肌酐 | DK1: 尿素氮 | DL1: 随访结果2021（0=存活，1=死亡，2=失访） | DM1: 存活时间更新（月） | DN1: 随访备注 | DO1: 生存情况（1死亡，0存活） | DP1: 死亡时间更新 | DQ1: 末次随访时间 | DR1: 起始用药（2=双药联合，3=三药联合，4=单药，0=未使用靶向药物） | DS1: 起始单药 | DT1: 起始双药联合 | DU1: 起始三药联合 | DV1: 西地那非 | DW1: 伐地那非 | DX1: 他达那非 | DY1: 波生坦 | DZ1: 安立生坦 | EA1: 伊洛前列素 | EB1: 贝前列素 | EC1: 瑞莫杜林 | ED1: 地高辛 | EE1: 利尿补钾 | EG1: 样本号编号
A2: GDM20230502-IV_AGCGTAGC | B2: 2022年11月 | C2: A1 | D2: BF0002028E3 | E2: 4号冰箱#1-1-2-1 | F2: No T4PNK treatment | G2: TRUE | H2: FALSE | I2: GDM20230502-IV_AGCGTAGC | J2: G2783 | K2: 肺动脉高压 | L2: 北京协和医院 | M2: 荆志成 | N2: Plasma | O2: 0 | P2: 0 | Q2: S25 | R2: AGCGTAGC | S2: 0 | T2: LXY | U2: 20230426 | V2: 7.78 | W2: 3.8560411 | X2: 30 | Y2: 179 | Z2: 20230502 | AA2: IV | AB2: Nova-seq | AC2: 0 | AD2: 海普洛斯 | AE2: 2022.11.11 | AF2: bf0002028e3 | AG2: bf0002028 | AH2: IPAH/HPAH | AI2: ipah 分娩相关 | AJ2: 2 | AK2: 28 | AL2: 0 | AM2: 0 | AN2: 0 | AO2: 0 | AP2: 0 | AQ2: 0 | AR2: 0 | AS2: 0 | AT2: 0 | AU2: 0 | AV2: 0 | AW2: 0 | AX2: 0 | AY2: 0 | AZ2: 0 | BA2: 0 | BB2: 0 | BC2: 0 | BD2: 0 | BE2: 0 | BF2: 0 | BG2: 0 | BH2: 0 | BI2: 0 | BJ2: 0 | BK2: 0 | BL2: 0 | BM2: 0 | BN2: 0 | BO2: 0 | BP2: 0 | BQ2: 0 | BR2: 0 | BS2: 0 | BT2: 0 | BU2: 0 | BV2: 0 | BW2: 0 | BX2: 0 | BY2: 0 | BZ2: 0 | CA2: 0 | CB2: 0 | CC2: 0 | CD2: 0 | CE2: 0 | CF2: 0 | CG2: IPAH/HPAH | CH2: bf0002028 | CI2: IPAH/HPAH | CJ2: b1600 | CK2: 吴晶晶 | CL2: 42690 | CM2: ipah 分娩相关 | CN2: 2 | CO2: 28 | CP2: 467 | CQ2: 2 | CR2: 60 | CS2: 163 | CT2: 1.73 | CU2: 0 | CV2: 100 | CW2: 71 | CX2: 80 | CY2: 10 | CZ2: 62 | DA2: 11 | DB2: 3.67 | DC2: 2.12 | DD2: 13.9 | DE2: 56.6 | DF2: 吴晶晶 | DG2: 0 | DH2: 0 | DI2: 0 | DJ2: 0 | DK2: 0 | DL2: 0 | DM2: 0 | DN2: 0 | DO2: 0 | DP2: 0 | DQ2: 43818 | DR2: 0 | DS2: 0 | DT2: 0 | DU2: 0 | DV2: 0 | DW2: 0 | DX2: 0 | DY2: 0 | DZ2: 0 | EA2: 0 | EB2: 0 | EC2: 0 | ED2: 0 | EE2: 0 | EG2: BF0001169
A3: GDM20230502-IV_TCGCCTTA | B3: 2022年11月 | C3: A2 | D3: SVC001522E5 | E3: 4号冰箱#1-1-2-1 | F3: No T4PNK treatment | G3: TRUE | H3: FALSE | I3: GDM20230502-IV_TCGCCTTA | J3: G2784 | K3: 肺动脉高压 | L3: 北京协和医院 | M3: 荆志成 | N3: Plasma | O3: 0 | P3: 0 | Q3: S37 | R3: TCGCCTTA | S3: 0 | T3: LXY | U3: 20230426 | V3: 4.78 | W3: 6.2761506 | X3: 30 | Y3: 179 | Z3: 20230502 | AA3: IV | AB3: Nova-seq | AC3: 0 | AD3: 海普洛斯 | AE3: 2022.11.11 | AF3: svc001522e5 | AG3: svc001522 | AH3: IPAH/HPAH | AI3: 特发性肺动脉高压,心脏扩大,心功能Ⅱ级(NYHA分级) | AJ3: 2 | AK3: 29 | AL3: 630 | AM3: 1 | AN3: 59 | AO3: 168 | AP3: 1.75 | AQ3: 20.9 | AR3: 119 | AS3: 67 | AT3: 80 | AU3: 9 | AV3: 53 | AW3: 12 | AX3: 7.23 | AY3: 4.13 | AZ3: 5.67 | BA3: 75.5 | BB3: 147 | BC3: 52.24 | BD3: 4 | BE3: 124.19 | BF3: 75 | BG3: 82 | BH3: 56 | BI3: 0 | BJ3: 48 | BK3: 3 | BL3: 0 | BM3: 0 | BN3: 1 | BO3: 0 | BP3: 0 | BQ3: 1 | BR3: 0 | BS3: 1 | BT3: 0 | BU3: 1 | BV3: 0 | BW3: 1 | BX3: 1 | BY3: 0 | BZ3: 3 | CA3: 1 | CB3: 1 | CC3: 1 | CD3: 2 | CE3: 2 | CF3: 2 | CG3: IPAH/HPAH | CH3: svc001522 | CI3: IPAH/HPAH | CJ3: b3081 | CK3: 段晶晶 | CL3: 42866 | CM3: 特发性肺动脉高压,心脏扩大,心功能Ⅱ级(NYHA分级) | CN3: 2 | CO3: 29 | CP3: 630 | CQ3: 1 | CR3: 59 | CS3: 168 | CT3: 1.75 | CU3: 0 | CV3: 119 | CW3: 67 | CX3: 80 | CY3: 9 | CZ3: 53 | DA3: 12 | DB3: 7.23 | DC3: 4.13 | DD3: 5.67 | DE3: 75.5 | DF3: 段晶晶 | DG3: 0 | DH3: 147 | DI3: 0 | DJ3: 52.24 | DK3: 4 | DL3: 0 | DM3: 48 | DN3: 0 | DO3: 0 | DP3: 0 | DQ3: 43791 | DR3: 3 | DS3: 0 | DT3: 0 | DU3: 1 | DV3: 0 | DW3: 0 | DX3: 1 | DY3: 0 | DZ3: 1 | EA3: 0 | EB3: 1 | EC3: 0 | ED3: 1 | EE3: 1 | EG3: BF0001696
A4: GDM20230502-IV_CTAGTACG | B4: 2022年11月 | C4: A3 | D4: BF0004044E2 | E4: 4号冰箱#1-1-2-1 | F4: No T4PNK treatment | G4: TRUE | H4: FALSE | I4: GDM20230502-IV_CTAGTACG | J4: G2785 | K4: 肺动脉高压 | L4: 北京协和医院 | M4: 荆志成 | N4: Plasma | O4: 0 | P4: 0 | Q4: s39 | R4: CTAGTACG | S4: 0 | T4: LXY | U4: 20230426 | V4: 9.64 | W4: 3.1120332 | X4: 30 | Y4: 179 | Z4: 20230502 | AA4: IV | AB4: Nova-seq | AC4: 0 | AD4: 海普洛斯 | AE4: 2022.11.11 | AF4: bf0004044e2 | AG4: bf0004044 | AH4: IPAH/HPAH | AI4: 特发性肺动脉高压,慢性肺源性心脏病,剖宫产个人史,心脏扩大,非风湿性三尖瓣关闭不全,心功能III级(NYHA分级),心包积液,甲状腺肿物,慢性乙型病毒性肝炎,肝囊肿,阑尾术后 | AJ4: 2 | AK4: 26 | AL4: 378 | AM4: 2 | AN4: 60 | AO4: 158 | AP4: 1.7 | AQ4: 24.03 | AR4: 99 | AS4: 71 | AT4: 77 | AU4: 6 | AV4: 53 | AW4: 7 | AX4: 3.63 | AY4: 2.14 | AZ4: 12.67 | BA4: 68.6 | BB4: 1759 | BC4: 84.7 | BD4: 3.57 | BE4: 82.08 | BF4: 83 | BG4: 102 | BH4: 64 | BI4: 0 | BJ4: 42 | BK4: 2 | BL4: 0 | BM4: 1 | BN4: 0 | BO4: 0 | BP4: 0 | BQ4: 1 | BR4: 0 | BS4: 1 | BT4: 0 | BU4: 0 | BV4: 0 | BW4: 1 | BX4: 1 | BY4: 0 | BZ4: 2 | CA4: 1 | CB4: 1 | CC4: 0 | CD4: 2 | CE4: 1 | CF4: 1 | CG4: IPAH/HPAH | CH4: bf0004044 | CI4: IPAH/HPAH | CJ4: b3431 | CK4: 徐敏 | CL4: 43040 | CM4: 特发性肺动脉高压,慢性肺源性心脏病,剖宫产个人史,心脏扩大,非风湿性三尖瓣关闭不全,心功能III级(NYHA分级),心包积液,甲状腺肿物,慢性乙型病毒性肝炎,肝囊肿,阑尾术后 | CN4: 2 | CO4: 26 | CP4: 378 | CQ4: 2 | CR4: 60 | CS4: 158 | CT4: 1.7 | CU4: 0 | CV4: 99 | CW4: 71 | CX4: 77 | CY4: 6 | CZ4: 53 | DA4: 7 | DB4: 3.63 | DC4: 2.14 | DD4: 12.67 | DE4: 68.6 | DF4: 徐敏 | DG4: 0 | DH4: 1759 | DI4: 0 | DJ4: 84.7 | DK4: 3.57 | DL4: 0 | DM4: 42 | DN4: 0 | DO4: 0 | DP4: 0 | DQ4: 43791 | DR4: 2 | DS4: 0 | DT4: 1 | DU4: 0 | DV4: 0 | DW4: 0 | DX4: 1 | DY4: 0 | DZ4: 1 | EA4: 0 | EB4: 0 | EC4: 0 | ED4: 1 | EE4: 1 | EG4: BF0001798
A5: GDM20230502-IV_TTCTGCCT | B5: 2022年11月 | C5: A4 | D5: BF0001097E3 | E5: 4号冰箱#1-1-2-1 | F5: No T4PNK treatment | G5: TRUE | H5: FALSE | I5: GDM20230502-IV_TTCTGCCT | J5: G2786 | K5: 肺动脉高压 | L5: 北京协和医院 | M5: 荆志成 | N5: Plasma | O5: 0 | P5: 0 | Q5: s41 | R5: TTCTGCCT | S5: 0 | T5: LXY | U5: 20230426 | V5: 6.42 | W5: 4.6728972 | X5: 30 | Y5: 179 | Z5: 20230502 | AA5: IV | AB5: Nova-seq | AC5: 0 | AD5: 海普洛斯 | AE5: 0 | AF5: 0 | AG5: 0 | AH5: 0 | AI5: 0 | AJ5: 0 | AK5: 0 | AL5: 0 | AM5: 0 | AN5: 0 | AO5: 0 | AP5: 0 | AQ5: 0 | AR5: 0 | AS5: 0 | AT5: 0 | AU5: 0 | AV5: 0 | AW5: 0 | AX5: 0 | AY5: 0 | AZ5: 0 | BA5: 0 | BB5: 0 | BC5: 0 | BD5: 0 | BE5: 0 | BF5: 0 | BG5: 0 | BH5: 0 | BI5: 0 | BJ5: 0 | BK5: 0 | BL5: 0 | BM5: 0 | BN5: 0 | BO5: 0 | BP5: 0 | BQ5: 0 | BR5: 0 | BS5: 0 | BT5: 0 | BU5: 0 | BV5: 0 | BW5: 0 | BX5: 0 | BY5: 0 | BZ5: 0 | CA5: 0 | CB5: 0 | CC5: 0 | CD5: 0 | CE5: 0 | CF5: 0 | CG5: IPAH/HPAH | CH5: bf0001097 | CI5: IPAH/HPAH | CJ5: b2077 | CK5: 朱燕梅 | CL5: 42454 | CM5: hpha | CN5: 2 | CO5: 33 | CP5: 567 | CQ5: 3 | CR5: 46 | CS5: 162 | CT5: 1.55 | CU5: 0 | CV5: 99 | CW5: 60 | CX5: 66 | CY5: 3 | CZ5: 43 | DA5: 7 | DB5: 4.4 | DC5: 2.84 | DD5: 8.18 | DE5: 68.3 | DF5: 朱燕梅 | DG5: 0 | DH5: 0 | DI5: 0 | DJ5: 54.18 | DK5: 5.24 | DL5: 0 | DM5: 0 | DN5: 0 | DO5: 0 | DP5: 0 | DQ5: 0 | DR5: 0 | DS5: 0 | DT5: 0 | DU5: 0 | DV5: 0 | DW5: 0 | DX5: 0 | DY5: 0 | DZ5: 0 | EA5: 0 | EB5: 0 | EC5: 0 | ED5: 0 | EE5: 0 | EG5: BF0002584
A6: GDM20230502-IV_GCTCAGGA | B6: 2022年11月 | C6: A5 | D6: PA001658E2 | E6: 4号冰箱#1-1-2-1 | F6: No T4PNK treatment | G6: TRUE | H6: FALSE | I6: GDM20230502-IV_GCTCAGGA | J6: G2787 | K6: 肺动脉高压 | L6: 北京协和医院 | M6: 荆志成 | N6: Plasma | O6: 0 | P6: 0 | Q6: s43 | R6: GCTCAGGA | S6: 0 | T6: LXY | U6: 20230426 | V6: 1.88 | W6: 15.957447 | X6: 30 | Y6: 179 | Z6: 20230502 | AA6: IV | AB6: Nova-seq | AC6: 0 | AD6: 海普洛斯 | AE6: 2022.11.11 | AF6: pa001658e2 | AG6: pa001658 | AH6: IPAH/HPAH | AI6: ipah | AJ6: 1 | AK6: 9 | AL6: 0 | AM6: 0 | AN6: 0 | AO6: 0 | AP6: 0 | AQ6: 0 | AR6: 0 | AS6: 0 | AT6: 0 | AU6: 0 | AV6: 0 | AW6: 0 | AX6: 0 | AY6: 0 | AZ6: 0 | BA6: 0 | BB6: 0 | BC6: 0 | BD6: 0 | BE6: 0 | BF6: 0 | BG6: 0 | BH6: 0 | BI6: 0 | BJ6: 0 | BK6: 0 | BL6: 0 | BM6: 0 | BN6: 0 | BO6: 0 | BP6: 0 | BQ6: 0 | BR6: 0 | BS6: 0 | BT6: 0 | BU6: 0 | BV6: 0 | BW6: 0 | BX6: 0 | BY6: 0 | BZ6: 0 | CA6: 0 | CB6: 0 | CC6: 0 | CD6: 0 | CE6: 0 | CF6: 0 | CG6: IPAH/HPAH | CH6: pa001658 | CI6: IPAH/HPAH | CJ6: 2093 | CK6: 赵天祥 | CL6: 42922 | CM6: ipah | CN6: 1 | CO6: 9 | CP6: 0 | CQ6: 0 | CR6: 24 | CS6: 135 | CT6: 1.11 | CU6: 0 | CV6: 98 | CW6: 66 | CX6: 71 | CY6: 10 | CZ6: 71 | DA6: 9 | DB6: 2.62 | DC6: 2.36 | DD6: 23.66 | DE6: 50.2 | DF6: 赵天祥 | DG6: 未见APVT试验 | DH6: 0 | DI6: 0 | DJ6: 0 | DK6: 0 | DL6: 0 | DM6: 0 | DN6: 0 | DO6: 0 | DP6: 0 | DQ6: 0 | DR6: 0 | DS6: 0 | DT6: 0 | DU6: 0 | DV6: 0 | DW6: 0 | DX6: 0 | DY6: 0 | DZ6: 0 | EA6: 0 | EB6: 0 | EC6: 0 | ED6: 0 | EE6: 0 | EG6: BF0002480
A7: GDM20230502-IV_AGGAGTCC | B7: 2022年11月 | C7: A6 | D7: BF0000633E1 | E7: 4号冰箱#1-1-2-1 | F7: No T4PNK treatment | G7: TRUE | H7: FALSE | I7: GDM20230502-IV_AGGAGTCC | J7: G2788 | K7: 肺动脉高压 | L7: 北京协和医院 | M7: 荆志成 | N7: Plasma | O7: 0 | P7: 0 | Q7: s45 | R7: AGGAGTCC | S7: 0 | T7: LXY | U7: 20230426 | V7: 8.6 | W7: 3.4883721 | X7: 30 | Y7: 179 | Z7: 20230502 | AA7: IV | AB7: Nova-seq | AC7: 0 | AD7: 海普洛斯 | AE7: 0 | AF7: 0 | AG7: 0 | AH7: 0 | AI7: 0 | AJ7: 0 | AK7: 0 | AL7: 0 | AM7: 0 | AN7: 0 | AO7: 0 | AP7: 0 | AQ7: 0 | AR7: 0 | AS7: 0 | AT7: 0 | AU7: 0 | AV7: 0 | AW7: 0 | AX7: 0 | AY7: 0 | AZ7: 0 | BA7: 0 | BB7: 0 | BC7: 0 | BD7: 0 | BE7: 0 | BF7: 0 | BG7: 0 | BH7: 0 | BI7: 0 | BJ7: 0 | BK7: 0 | BL7: 0 | BM7: 0 | BN7: 0 | BO7: 0 | BP7: 0 | BQ7: 0 | BR7: 0 | BS7: 0 | BT7: 0 | BU7: 0 | BV7: 0 | BW7: 0 | BX7: 0 | BY7: 0 | BZ7: 0 | CA7: 0 | CB7: 0 | CC7: 0 | CD7: 0 | CE7: 0 | CF7: 0 | CG7: IPAH/HPAH | CH7: bf0000633 | CI7: IPAH/HPAH | CJ7: b1751 | CK7: 田娅涵 | CL7: 42315 | CM7: IPAH可能 | CN7: 2 | CO7: 1.2 | CP7: 0 | CQ7: 0 | CR7: 0 | CS7: 0 | CT7: 0 | CU7: 92 | CV7: 0 | CW7: 0 | CX7: 147 | CY7: 0 | CZ7: 0 | DA7: 0 | DB7: 0 | DC7: 0 | DD7: 0 | DE7: 0 | DF7: 田娅涵 | DG7: 0 | DH7: 0 | DI7: 0 | DJ7: 0 | DK7: 0 | DL7: 0 | DM7: 0 | DN7: 0 | DO7: 0 | DP7: 0 | DQ7: 0 | DR7: 0 | DS7: 0 | DT7: 0 | DU7: 0 | DV7: 0 | DW7: 0 | DX7: 0 | DY7: 0 | DZ7: 0 | EA7: 0 | EB7: 0 | EC7: 0 | ED7: 0 | EE7: 0 | EG7: BF0003027
A8: GDM20230502-IV_CATGCCTA | B8: 2022年11月 | C8: A7 | D8: SVC002561E2 | E8: 4号冰箱#1-1-2-1 | F8: No T4PNK treatment | G8: TRUE | H8: FALSE | I8: GDM20230502-IV_CATGCCTA | J8: G2789 | K8: 肺动脉高压 | L8: 北京协和医院 | M8: 荆志成 | N8: Plasma | O8: 0 | P8: 0 | Q8: s47 | R8: CATGCCTA | S8: 0 | T8: LXY | U8: 20230426 | V8: 2.36 | W8: 12.711864 | X8: 30 | Y8: 179 | Z8: 20230502 | AA8: IV | AB8: Nova-seq | AC8: 0 | AD8: 海普洛斯 | AE8: 2022.11.11 | AF8: svc002561e2 | AG8: svc002561 | AH8: IPAH/HPAH | AI8: 可遗传性肺动脉高压,卵圆孔未闭,低血氧症,低钾血症,低钠血症,低蛋白血症,非新生儿高胆红素血症,慢性肺源性心脏病,心脏扩大,非风湿性三尖瓣关闭不全,心功能IV级(NYHA分级),阵发性心房颤动,阵发性心房扑动,高血压1级,2型糖尿病 | AJ8: 2 | AK8: 58 | AL8: #NULL! | AM8: 2 | AN8: 45.2 | AO8: 152 | AP8: 1.48 | AQ8: 19.56 | AR8: 94 | AS8: 46 | AT8: 86 | AU8: 7 | AV8: 41 | AW8: 13 | AX8: 3.63 | AY8: 2.46 | AZ8: 7.71 | BA8: 43.4 | BB8: 45 | BC8: 77 | BD8: 8.32 | BE8: 73.56 | BF8: #NULL! | BG8: #NULL! | BH8: #NULL! | BI8: 1 | BJ8: 13 | BK8: 3 | BL8: 0 | BM8: 0 | BN8: 1 | BO8: 0 | BP8: 0 | BQ8: 1 | BR8: 0 | BS8: 1 | BT8: 0 | BU8: 0 | BV8: 1 | BW8: 1 | BX8: 1 | BY8: 0 | BZ8: 3 | CA8: 1 | CB8: 1 | CC8: 1 | CD8: 2 | CE8: 2 | CF8: 2 | CG8: IPAH/HPAH | CH8: svc002561 | CI8: IPAH/HPAH | CJ8: b3895 | CK8: 周水仙 | CL8: 43230 | CM8: 可遗传性肺动脉高压,卵圆孔未闭,低血氧症,低钾血症,低钠血症,低蛋白血症,非新生儿高胆红素血症,慢性肺源性心脏病,心脏扩大,非风湿性三尖瓣关闭不全,心功能IV级(NYHA分级),阵发性心房颤动,阵发性心房扑动,高血压1级,2型糖尿病 | CN8: 2 | CO8: 58 | CP8: #NULL! | CQ8: 2 | CR8: 45.2 | CS8: 152 | CT8: 1.48 | CU8: 0 | CV8: 94 | CW8: 46 | CX8: 86 | CY8: 7 | CZ8: 41 | DA8: 13 | DB8: 3.63 | DC8: 2.46 | DD8: 7.71 | DE8: 43.4 | DF8: 周水仙 | DG8: 未见APVT试验 | DH8: 45 | DI8: 0 | DJ8: 77 | DK8: 8.32 | DL8: 1 | DM8: 13 | DN8: 0 | DO8: 0 | DP8: 0 | DQ8: 0 | DR8: 3 | DS8: 0 | DT8: 0 | DU8: 1 | DV8: 0 | DW8: 0 | DX8: 1 | DY8: 0 | DZ8: 1 | EA8: 0 | EB8: 0 | EC8: 1 | ED8: 1 | EE8: 1 | EG8: BF0001728
A9: GDM20230502-V_GTAGAGAG | B9: 2022年11月 | C9: A8 | D9: BF0001125E2 | E9: 4号冰箱#1-1-2-1 | F9: No T4PNK treatment | G9: TRUE | H9: FALSE | I9: GDM20230502-V_GTAGAGAG | J9: G2790 | K9: 肺动脉高压 | L9: 北京协和医院 | M9: 荆志成 | N9: Plasma | O9: 0 | P9: 0 | Q9: s49 | R9: GTAGAGAG | S9: 0 | T9: LXY | U9: 20230427 | V9: 4.9 | W9: 6.122449 | X9: 30 | Y9: 180 | Z9: 20230502 | AA9: V | AB9: Nova-seq | AC9: 0 | AD9: 海普洛斯 | AE9: 0 | AF9: 0 | AG9: 0 | AH9: 0 | AI9: 0 | AJ9: 0 | AK9: 0 | AL9: 0 | AM9: 0 | AN9: 0 | AO9: 0 | AP9: 0 | AQ9: 0 | AR9: 0 | AS9: 0 | AT9: 0 | AU9: 0 | AV9: 0 | AW9: 0 | AX9: 0 | AY9: 0 | AZ9: 0 | BA9: 0 | BB9: 0 | BC9: 0 | BD9: 0 | BE9: 0 | BF9: 0 | BG9: 0 | BH9: 0 | BI9: 0 | BJ9: 0 | BK9: 0 | BL9: 0 | BM9: 0 | BN9: 0 | BO9: 0 | BP9: 0 | BQ9: 0 | BR9: 0 | BS9: 0 | BT9: 0 | BU9: 0 | BV9: 0 | BW9: 0 | BX9: 0 | BY9: 0 | BZ9: 0 | CA9: 0 | CB9: 0 | CC9: 0 | CD9: 0 | CE9: 0 | CF9: 0 | CG9: IPAH/HPAH | CH9: bf0001125 | CI9: IPAH/HPAH | CJ9: b2096 | CK9: 李海峰 | CL9: 42462 | CM9: 风湿性心脏病，二尖瓣置换术后 pah | CN9: 1 | CO9: 39 | CP9: 445 | CQ9: 3 | CR9: 95 | CS9: 180 | CT9: 0 | CU9: 0 | CV9: 139 | CW9: 55 | CX9: 71 | CY9: 19 | CZ9: 58 | DA9: 22 | DB9: 10.47 | DC9: 4.61 | DD9: 3.44 | DE9: 65.2 | DF9: 李海峰 | DG9: 0 | DH9: 0 | DI9: 0 | DJ9: 87.97 | DK9: 6.33 | DL9: 0 | DM9: 0 | DN9: 0 | DO9: 0 | DP9: 0 | DQ9: 43791 | DR9: 0 | DS9: 0 | DT9: 0 | DU9: 0 | DV9: 0 | DW9: 0 | DX9: 0 | DY9: 0 | DZ9: 0 | EA9: 0 | EB9: 0 | EC9: 0 | ED9: 0 | EE9: 0 | EG9: BF0002300
A10: GDM20230502-V_CCTCTCTG | B10: 2022年11月 | C10: A9 | D10: BF0003212E3 | E10: 4号冰箱#1-1-2-1 | F10: No T4PNK treatment | G10: TRUE | H10: FALSE | I10: GDM20230502-V_CCTCTCTG | J10: G2791 | K10: 肺动脉高压 | L10: 北京协和医院 | M10: 荆志成 | N10: Plasma | O10: 0 | P10: 0 | Q10: S88 | R10: CCTCTCTG | S10: 0 | T10: LXY | U10: 20230427 | V10: 5.28 | W10: 5.6818182 | X10: 30 | Y10: 180 | Z10: 20230502 | AA10: V | AB10: Nova-seq | AC10: 0 | AD10: 海普洛斯 | AE10: 2022.11.11 | AF10: bf0003212e3 | AG10: bf0003212 | AH10: IPAH/HPAH | AI10: 肺动脉高压,心脏扩大,心功能Ⅱ级(NYHA分级) | AJ10: 2 | AK10: 32 | AL10: 603 | AM10: 1 | AN10: 50 | AO10: 161 | AP10: 1.59 | AQ10: 19.29 | AR10: 104 | AS10: 60 | AT10: 72 | AU10: 4 | AV10: 42 | AW10: 7 | AX10: 4.63 | AY10: 2.91 | AZ10: 7.56 | BA10: 71.5 | BB10: 179 | BC10: 67.08 | BD10: 4 | BE10: 104.32 | BF10: 97 | BG10: 103 | BH10: 66 | BI10: 0 | BJ10: 42 | BK10: 4 | BL10: 1 | BM10: 0 | BN10: 0 | BO10: 0 | BP10: 0 | BQ10: 0 | BR10: 0 | BS10: 1 | BT10: 0 | BU10: 0 | BV10: 0 | BW10: 0 | BX10: 0 | BY10: 0 | BZ10: 1 | CA10: 0 | CB10: 1 | CC10: 0 | CD10: 1 | CE10: 0 | CF10: 1 | CG10: IPAH/HPAH | CH10: bf0003212 | CI10: IPAH/HPAH | CJ10: b735 | CK10: 朱欢 | CL10: 42922 | CM10: 肺动脉高压,心脏扩大,心功能Ⅱ级(NYHA分级) | CN10: 2 | CO10: 32 | CP10: 603 | CQ10: 1 | CR10: 50 | CS10: 161 | CT10: 1.59 | CU10: 0 | CV10: 104 | CW10: 60 | CX10: 72 | CY10: 4 | CZ10: 42 | DA10: 7 | DB10: 4.63 | DC10: 2.91 | DD10: 7.56 | DE10: 71.5 | DF10: 朱欢 | DG10: 0 | DH10: 179 | DI10: 0 | DJ10: 67.08 | DK10: 4 | DL10: 0 | DM10: 42 | DN10: 0 | DO10: 0 | DP10: 0 | DQ10: 43830 | DR10: 4 | DS10: 1 | DT10: 0 | DU10: 0 | DV10: 0 | DW10: 0 | DX10: 0 | DY10: 0 | DZ10: 1 | EA10: 0 | EB10: 0 | EC10: 0 | ED10: 0 | EE10: 0 | EG10: BF0003114
A11: GDM20230502-V_CAGCCTCG | B11: 2022年11月 | C11: B1 | D11: BF0007603E1 | E11: 4号冰箱#1-1-2-1 | F11: No T4PNK treatment | G11: TRUE | H11: FALSE | I11: GDM20230502-V_CAGCCTCG | J11: G2792 | K11: 肺动脉高压 | L11: 北京协和医院 | M11: 荆志成 | N11: Plasma | O11: 0 | P11: 0 | Q11: S89 | R11: CAGCCTCG | S11: 0 | T11: LXY | U11: 20230427 | V11: 4.62 | W11: 6.4935065 | X11: 30 | Y11: 180 | Z11: 20230502 | AA11: V | AB11: Nova-seq | AC11: 0 | AD11: 海普洛斯 | AE11: 2022.11.11 | AF11: bf0007603e1 | AG11: bf0007603 | AH11: IPAH/HPAH | AI11: 特发性肺动脉高压，心脏扩大，三尖瓣轻中度关闭不全，心功能ii级，甲状腺结节 | AJ11: 2 | AK11: 40 | AL11: 0 | AM11: 0 | AN11: 0 | AO11: 0 | AP11: 0 | AQ11: 0 | AR11: 0 | AS11: 0 | AT11: 0 | AU11: 0 | AV11: 0 | AW11: 0 | AX11: 0 | AY11: 0 | AZ11: 0 | BA11: 0 | BB11: 0 | BC11: 0 | BD11: 0 | BE11: 0 | BF11: 0 | BG11: 0 | BH11: 0 | BI11: 0 | BJ11: 0 | BK11: 0 | BL11: 0 | BM11: 0 | BN11: 0 | BO11: 0 | BP11: 0 | BQ11: 0 | BR11: 0 | BS11: 0 | BT11: 0 | BU11: 0 | BV11: 0 | BW11: 0 | BX11: 0 | BY11: 0 | BZ11: 0 | CA11: 0 | CB11: 0 | CC11: 0 | CD11: 0 | CE11: 0 | CF11: 0 | CG11: IPAH/HPAH | CH11: bf0007603 | CI11: IPAH/HPAH | CJ11: b5029 | CK11: 左红娜 | CL11: 43690 | CM11: 特发性肺动脉高压，心脏扩大，三尖瓣轻中度关闭不全，心功能ii级，甲状腺结节 | CN11: 2 | CO11: 40 | CP11: 0 | CQ11: 2 | CR11: 55 | CS11: 161 | CT11: 1.65 | CU11: 0 | CV11: 105 | CW11: 70 | CX11: 68 | CY11: 3 | CZ11: 55 | DA11: 13 | DB11: 3.23 | DC11: 1.95 | DD11: 13 | DE11: 63.6 | DF11: 左红娜 | DG11: 0 | DH11: 0 | DI11: 0 | DJ11: 0 | DK11: 0 | DL11: 0 | DM11: 0 | DN11: 0 | DO11: 0 | DP11: 0 | DQ11: 0 | DR11: 0 | DS11: 0 | DT11: 0 | DU11: 0 | DV11: 0 | DW11: 0 | DX11: 0 | DY11: 0 | DZ11: 0 | EA11: 0 | EB11: 0 | EC11: 0 | ED11: 0 | EE11: 0 | EG11: BF0001145
A12: GDM20230502-V_GTAAGGAG | B12: 2022年11月 | C12: B2 | D12: BF0005083E4 | E12: 4号冰箱#1-1-2-1 | F12: No T4PNK treatment | G12: TRUE | H12: FALSE | I12: GDM20230502-V_GTAAGGAG | J12: G2793 | K12: 肺动脉高压 | L12: 北京协和医院 | M12: 荆志成 | N12: Plasma | O12: 0 | P12: 0 | Q12: S90 | R12: GTAAGGAG | S12: 0 | T12: LXY | U12: 20230427 | V12: 8.14 | W12: 3.6855037 | X12: 30 | Y12: 180 | Z12: 20230502 | AA12: V | AB12: Nova-seq | AC12: 0 | AD12: 海普洛斯 | AE12: 2022.11.11 | AF12: bf0005083e4 | AG12: bf0005083 | AH12: IPAH/HPAH | AI12: 特发性肺动脉高压,慢性肺源性心脏病,心脏扩大,心功能III级(NYHA分级),心包积液,甲状腺功能减退 | AJ12: 2 | AK12: 35 | AL12: 468 | AM12: 2 | AN12: 57 | AO12: 163 | AP12: 1.69 | AQ12: 21.45 | AR12: 94 | AS12: 50 | AT12: 91 | AU12: 12 | AV12: 57 | AW12: 10 | AX12: 3.53 | AY12: 2.09 | AZ12: 13.31 | BA12: 57.9 | BB12: 6611 | BC12: 68 | BD12: 6.14 | BE12: 100.48 | BF12: #NULL! | BG12: #NULL! | BH12: #NULL! | BI12: 0 | BJ12: 36 | BK12: 3 | BL12: 0 | BM12: 0 | BN12: 1 | BO12: 0 | BP12: 0 | BQ12: 1 | BR12: 0 | BS12: 1 | BT12: 0 | BU12: 0 | BV12: 1 | BW12: 1 | BX12: 1 | BY12: 0 | BZ12: 3 | CA12: 1 | CB12: 1 | CC12: 1 | CD12: 2 | CE12: 2 | CF12: 2 | CG12: IPAH/HPAH | CH12: bf0005083 | CI12: IPAH/HPAH | CJ12: b3936 | CK12: 鞠雯 | CL12: 43240 | CM12: 特发性肺动脉高压,慢性肺源性心脏病,心脏扩大,心功能III级(NYHA分级),心包积液,甲状腺功能减退 | CN12: 2 | CO12: 35 | CP12: 468 | CQ12: 2 | CR12: 57 | CS12: 163 | CT12: 1.69 | CU12: 0 | CV12: 94 | CW12: 50 | CX12: 91 | CY12: 12 | CZ12: 57 | DA12: 10 | DB12: 3.53 | DC12: 2.09 | DD12: 13.31 | DE12: 57.9 | DF12: 鞠雯 | DG12: 未见APVT试验 | DH12: 6611 | DI12: 0 | DJ12: 68 | DK12: 6.14 | DL12: 0 | DM12: 36 | DN12: 0 | DO12: 0 | DP12: 0 | DQ12: 43791 | DR12: 3 | DS12: 0 | DT12: 0 | DU12: 1 | DV12: 0 | DW12: 0 | DX12: 1 | DY12: 0 | DZ12: 1 | EA12: 0 | EB12: 0 | EC12: 1 | ED12: 1 | EE12: 1 | EG12: B956
A13: #N/A | B13: 2022年11月 | C13: B3 | D13: PA001572E2 | E13: 4号冰箱#1-1-2-1 | F13: No T4PNK treatment | G13: FALSE | H13: TRUE | I13: #N/A | J13: #N/A | K13: #N/A | L13: #N/A | M13: #N/A | N13: #N/A | O13: #N/A | P13: #N/A | Q13: #N/A | R13: #N/A | S13: #N/A | T13: #N/A | U13: #N/A | V13: #N/A | W13: #N/A | X13: #N/A | Y13: #N/A | Z13: #N/A | AA13: #N/A | AB13: #N/A | AC13: #N/A | AD13: #N/A | AE13: #N/A | AF13: #N/A | AG13: #N/A | AH13: #N/A | AI13: #N/A | AJ13: #N/A | AK13: #N/A | AL13: #N/A | AM13: #N/A | AN13: #N/A | AO13: #N/A | AP13: #N/A | AQ13: #N/A | AR13: #N/A | AS13: #N/A | AT13: #N/A | AU13: #N/A | AV13: #N/A | AW13: #N/A | AX13: #N/A | AY13: #N/A | AZ13: #N/A | BA13: #N/A | BB13: #N/A | BC13: #N/A | BD13: #N/A | BE13: #N/A | BF13: #N/A | BG13: #N/A | BH13: #N/A | BI13: #N/A | BJ13: #N/A | BK13: #N/A | BL13: #N/A | BM13: #N/A | BN13: #N/A | BO13: #N/A | BP13: #N/A | BQ13: #N/A | BR13: #N/A | BS13: #N/A | BT13: #N/A | BU13: #N/A | BV13: #N/A | BW13: #N/A | BX13: #N/A | BY13: #N/A | BZ13: #N/A | CA13: #N/A | CB13: #N/A | CC13: #N/A | CD13: #N/A | CE13: #N/A | CF13: #N/A | CG13: IPAH/HPAH | CH13: pa001572 | CI13: IPAH/HPAH | CJ13: b3126 | CK13: 郭芳娜 | CL13: 42887 | CM13: 特发性肺动脉高压,心脏扩大,心功能Ⅱ级(NYHA分级),甲状腺功能减退,贫血 | CN13: 2 | CO13: 32 | CP13: 438 | CQ13: 1 | CR13: 58 | CS13: 150 | CT13: 1.62 | CU13: 0 | CV13: 96 | CW13: 60 | CX13: 70 | CY13: 5 | CZ13: 44 | DA13: 9 | DB13: 5.4 | DC13: 3.33 | DD13: 6.48 | DE13: 65.9 | DF13: 郭芳娜 | DG13: 0 | DH13: 15 | DI13: 0 | DJ13: 60.38 | DK13: 6.2 | DL13: 0 | DM13: 50 | DN13: 0 | DO13: 0 | DP13: 0 | DQ13: 0 | DR13: 2 | DS13: 0 | DT13: 1 | DU13: 0 | DV13: 0 | DW13: 0 | DX13: 1 | DY13: 0 | DZ13: 1 | EA13: 0 | EB13: 0 | EC13: 0 | ED13: 1 | EE13: 1 | EG13: BF0002135
A14: GDM20230502-V_ACTGCATA | B14: 2022年11月 | C14: B4 | D14: SVC001358E2 | E14: 4号冰箱#1-1-2-1 | F14: No T4PNK treatment | G14: TRUE | H14: FALSE | I14: GDM20230502-V_ACTGCATA | J14: G2795 | K14: 肺动脉高压 | L14: 北京协和医院 | M14: 荆志成 | N14: Plasma | O14: 0 | P14: 0 | Q14: S92 | R14: ACTGCATA | S14: 0 | T14: LXY | U14: 20230427 | V14: 10.9 | W14: 2.7522936 | X14: 30 | Y14: 180 | Z14: 20230502 | AA14: V | AB14: Nova-seq | AC14: 0 | AD14: 海普洛斯 | AE14: 2022.11.11 | AF14: svc001358e2 | AG14: svc001358 | AH14: IPAH/HPAH | AI14: 特发性肺动脉高压,心脏扩大,心功能Ⅱ级(NYHA分级) | AJ14: 2 | AK14: 27 | AL14: 470 | AM14: 1 | AN14: 53 | AO14: 162 | AP14: 1.64 | AQ14: 20.2 | AR14: 106 | AS14: 69 | AT14: 67 | AU14: 5 | AV14: 41 | AW14: 6 | AX14: 3.4 | AY14: 2.07 | AZ14: 10.29 | BA14: 67.4 | BB14: 504 | BC14: 69.33 | BD14: 3.76 | BE14: 103.83 | BF14: 87 | BG14: 116 | BH14: 50 | BI14: 0 | BJ14: 61 | BK14: 4 | BL14: 1 | BM14: 0 | BN14: 0 | BO14: 0 | BP14: 0 | BQ14: 1 | BR14: 0 | BS14: 0 | BT14: 0 | BU14: 0 | BV14: 0 | BW14: 0 | BX14: 1 | BY14: 0 | BZ14: 1 | CA14: 1 | CB14: 0 | CC14: 0 | CD14: 1 | CE14: 1 | CF14: 0 | CG14: IPAH/HPAH | CH14: svc001358 | CI14: IPAH/HPAH | CJ14: b2253 | CK14: 李锐 | CL14: 42796 | CM14: 特发性肺动脉高压,心脏扩大,心功能Ⅱ级(NYHA分级) | CN14: 2 | CO14: 27 | CP14: 470 | CQ14: 1 | CR14: 53 | CS14: 162 | CT14: 1.64 | CU14: 0 | CV14: 106 | CW14: 69 | CX14: 67 | CY14: 5 | CZ14: 41 | DA14: 6 | DB14: 3.4 | DC14: 2.07 | DD14: 10.29 | DE14: 67.4 | DF14: 李锐 | DG14: 0 | DH14: 504 | DI14: 0 | DJ14: 69.33 | DK14: 3.76 | DL14: 0 | DM14: 61 | DN14: 0 | DO14: 0 | DP14: 0 | DQ14: 43817 | DR14: 4 | DS14: 1 | DT14: 0 | DU14: 0 | DV14: 0 | DW14: 0 | DX14: 1 | DY14: 0 | DZ14: 0 | EA14: 0 | EB14: 0 | EC14: 0 | ED14: 0 | EE14: 1 | EG14: BF0005181
A15: GDM20230502-V_AAGGAGTA | B15: 2022年11月 | C15: B5 | D15: BF0001790E3 | E15: 4号冰箱#1-1-2-1 | F15: No T4PNK treatment | G15: TRUE | H15: FALSE | I15: GDM20230502-V_AAGGAGTA | J15: G2796 | K15: 肺动脉高压 | L15: 北京协和医院 | M15: 荆志成 | N15: Plasma | O15: 0 | P15: 0 | Q15: S93 | R15: AAGGAGTA | S15: 0 | T15: LXY | U15: 20230427 | V15: 8 | W15: 3.75 | X15: 30 | Y15: 180 | Z15: 20230502 | AA15: V | AB15: Nova-seq | AC15: 0 | AD15: 海普洛斯 | AE15: 0 | AF15: 0 | AG15: 0 | AH15: 0 | AI15: 0 | AJ15: 0 | AK15: 0 | AL15: 0 | AM15: 0 | AN15: 0 | AO15: 0 | AP15: 0 | AQ15: 0 | AR15: 0 | AS15: 0 | AT15: 0 | AU15: 0 | AV15: 0 | AW15: 0 | AX15: 0 | AY15: 0 | AZ15: 0 | BA15: 0 | BB15: 0 | BC15: 0 | BD15: 0 | BE15: 0 | BF15: 0 | BG15: 0 | BH15: 0 | BI15: 0 | BJ15: 0 | BK15: 0 | BL15: 0 | BM15: 0 | BN15: 0 | BO15: 0 | BP15: 0 | BQ15: 0 | BR15: 0 | BS15: 0 | BT15: 0 | BU15: 0 | BV15: 0 | BW15: 0 | BX15: 0 | BY15: 0 | BZ15: 0 | CA15: 0 | CB15: 0 | CC15: 0 | CD15: 0 | CE15: 0 | CF15: 0 | CG15: IPAH/HPAH | CH15: bf0001790 | CI15: IPAH/HPAH | CJ15: b1319 | CK15: 梁红霞 | CL15: 42628 | CM15: 特发性肺动脉高压,慢性肺源性心脏病,心脏扩大,心包积液,心功能III级(NYHA分级),结缔组织病,肝功能异常 | CN15: 2 | CO15: 34 | CP15: 360 | CQ15: 2 | CR15: 68 | CS15: 166 | CT15: 1.85 | CU15: 0 | CV15: 103 | CW15: 73 | CX15: 77 | CY15: 9 | CZ15: 62 | DA15: 11 | DB15: 4.23 | DC15: 2.29 | DD15: 12.06 | DE15: 68.4 | DF15: 梁红霞 | DG15: 0 | DH15: 4360 | DI15: 0 | DJ15: 84.31 | DK15: 6.96 | DL15: 0 | DM15: 74 | DN15: 0 | DO15: 0 | DP15: 0 | DQ15: 43818 | DR15: 4 | DS15: 1 | DT15: 0 | DU15: 0 | DV15: 0 | DW15: 0 | DX15: 1 | DY15: 0 | DZ15: 0 | EA15: 0 | EB15: 0 | EC15: 0 | ED15: 1 | EE15: 1 | EG15: BF0003095
A16: GDM20230502-V_CTAAGCCT | B16: 2022年11月 | C16: B6 | D16: SVC001734E2 | E16: 4号冰箱#1-1-2-1 | F16: No T4PNK treatment | G16: TRUE | H16: FALSE | I16: GDM20230502-V_CTAAGCCT | J16: G2797 | K16: 肺动脉高压 | L16: 北京协和医院 | M16: 荆志成 | N16: Plasma | O16: 0 | P16: 0 | Q16: S94 | R16: CTAAGCCT | S16: 0 | T16: LXY | U16: 20230427 | V16: 7.42 | W16: 4.0431267 | X16: 30 | Y16: 180 | Z16: 20230502 | AA16: V | AB16: Nova-seq | AC16: 0 | AD16: 海普洛斯 | AE16: 2022.11.11 | AF16: svc001734e2 | AG16: svc001734 | AH16: IPAH/HPAH | AI16: 特发性肺动脉高压,心脏扩大,心功能Ⅱ级(NYHA分级) | AJ16: 2 | AK16: 28 | AL16: 348 | AM16: 1 | AN16: 50 | AO16: 162 | AP16: 1.6 | AQ16: 19.05 | AR16: 102 | AS16: 66 | AT16: 75 | AU16: 2 | AV16: 52 | AW16: 6 | AX16: 4.03 | AY16: 2.52 | AZ16: 11.41 | BA16: 71.2 | BB16: 177 | BC16: 55.13 | BD16: 4.2 | BE16: 122.87 | BF16: 64 | BG16: 91 | BH16: 58 | BI16: 0 | BJ16: 45 | BK16: 4 | BL16: 1 | BM16: 0 | BN16: 0 | BO16: 0 | BP16: 0 | BQ16: 1 | BR16: 0 | BS16: 0 | BT16: 0 | BU16: 0 | BV16: 0 | BW16: 0 | BX16: 1 | BY16: 0 | BZ16: 1 | CA16: 1 | CB16: 0 | CC16: 0 | CD16: 1 | CE16: 1 | CF16: 0 | CG16: IPAH/HPAH | CH16: svc001734 | CI16: IPAH/HPAH | CJ16: b3237 | CK16: 张丽 | CL16: 42943 | CM16: 特发性肺动脉高压,心脏扩大,心功能Ⅱ级(NYHA分级) | CN16: 2 | CO16: 28 | CP16: 348 | CQ16: 1 | CR16: 50 | CS16: 162 | CT16: 1.6 | CU16: 0 | CV16: 102 | CW16: 66 | CX16: 75 | CY16: 2 | CZ16: 52 | DA16: 6 | DB16: 4.03 | DC16: 2.52 | DD16: 11.41 | DE16: 71.2 | DF16: 张丽 | DG16: 0 | DH16: 177 | DI16: 0 | DJ16: 55.13 | DK16: 4.2 | DL16: 0 | DM16: 45 | DN16: 0 | DO16: 0 | DP16: 0 | DQ16: 43818 | DR16: 4 | DS16: 1 | DT16: 0 | DU16: 0 | DV16: 0 | DW16: 0 | DX16: 1 | DY16: 0 | DZ16: 0 | EA16: 0 | EB16: 0 | EC16: 0 | ED16: 0 | EE16: 1 | EG16: BF0001428
A17: GDM20230502-V_TCTCTCCG | B17: 2022年11月 | C17: B7 | D17: BF0002929E3 | E17: 4号冰箱#1-1-2-1 | F17: No T4PNK treatment | G17: TRUE | H17: FALSE | I17: GDM20230502-V_TCTCTCCG | J17: G2798 | K17: 肺动脉高压 | L17: 北京协和医院 | M17: 荆志成 | N17: Plasma | O17: 0 | P17: 0 | Q17: S95 | R17: TCTCTCCG | S17: 0 | T17: LXY | U17: 20230427 | V17: 4.22 | W17: 7.1090047 | X17: 30 | Y17: 180 | Z17: 20230502 | AA17: V | AB17: Nova-seq | AC17: 0 | AD17: 海普洛斯 | AE17: 2022.11.11 | AF17: bf0002929e3 | AG17: bf0002929 | AH17: IPAH/HPAH | AI17: 特发性肺动脉高压,心脏扩大,心功能Ⅱ--Ⅲ级(NYHA分级),冠状动脉粥样硬化,高脂血症 | AJ17: 2 | AK17: 52 | AL17: 495 | AM17: 2 | AN17: 66 | AO17: 155 | AP17: 1.75 | AQ17: 27.47 | AR17: 135 | AS17: 78 | AT17: 101 | AU17: 6 | AV17: 64 | AW17: 9 | AX17: 4.67 | AY17: 2.67 | AZ17: 11.78 | BA17: 66 | BB17: 24 | BC17: 58.52 | BD17: 4.91 | BE17: 101.79 | BF17: 78 | BG17: 93 | BH17: 60 | BI17: 0 | BJ17: 56 | BK17: 4 | BL17: 1 | BM17: 0 | BN17: 0 | BO17: 1 | BP17: 0 | BQ17: 0 | BR17: 0 | BS17: 0 | BT17: 0 | BU17: 0 | BV17: 0 | BW17: 1 | BX17: 1 | BY17: 0 | BZ17: 1 | CA17: 1 | CB17: 0 | CC17: 0 | CD17: 1 | CE17: 1 | CF17: 0 | CG17: IPAH/HPAH | CH17: bf0002929 | CI17: IPAH/HPAH | CJ17: b1276 | CK17: 王秀芬 | CL17: 42853 | CM17: 特发性肺动脉高压,心脏扩大,心功能Ⅱ--Ⅲ级(NYHA分级),冠状动脉粥样硬化,高脂血症 | CN17: 2 | CO17: 52 | CP17: 495 | CQ17: 2 | CR17: 66 | CS17: 155 | CT17: 1.75 | CU17: 0 | CV17: 135 | CW17: 78 | CX17: 101 | CY17: 6 | CZ17: 64 | DA17: 9 | DB17: 4.67 | DC17: 2.67 | DD17: 11.78 | DE17: 66 | DF17: 王秀芬 | DG17: 0 | DH17: 24 | DI17: 0 | DJ17: 58.52 | DK17: 4.91 | DL17: 0 | DM17: 56 | DN17: 0 | DO17: 0 | DP17: 0 | DQ17: 43818 | DR17: 4 | DS17: 1 | DT17: 0 | DU17: 0 | DV17: 1 | DW17: 0 | DX17: 0 | DY17: 0 | DZ17: 0 | EA17: 0 | EB17: 0 | EC17: 0 | ED17: 1 | EE17: 1 | EG17: BF0002530
A18: GDM20230502-V_GCGTAAGA | B18: 2022年11月 | C18: B8 | D18: BF0000459E2 | E18: 4号冰箱#1-1-2-1 | F18: No T4PNK treatment | G18: TRUE | H18: FALSE | I18: GDM20230502-V_GCGTAAGA | J18: G2799 | K18: 肺动脉高压 | L18: 北京协和医院 | M18: 荆志成 | N18: Plasma | O18: 0 | P18: 0 | Q18: S96 | R18: GCGTAAGA | S18: 0 | T18: LXY | U18: 20230427 | V18: 3.78 | W18: 7.9365079 | X18: 30 | Y18: 180 | Z18: 20230502 | AA18: V | AB18: Nova-seq | AC18: 0 | AD18: 海普洛斯 | AE18: 0 | AF18: 0 | AG18: 0 | AH18: 0 | AI18: 0 | AJ18: 0 | AK18: 0 | AL18: 0 | AM18: 0 | AN18: 0 | AO18: 0 | AP18: 0 | AQ18: 0 | AR18: 0 | AS18: 0 | AT18: 0 | AU18: 0 | AV18: 0 | AW18: 0 | AX18: 0 | AY18: 0 | AZ18: 0 | BA18: 0 | BB18: 0 | BC18: 0 | BD18: 0 | BE18: 0 | BF18: 0 | BG18: 0 | BH18: 0 | BI18: 0 | BJ18: 0 | BK18: 0 | BL18: 0 | BM18: 0 | BN18: 0 | BO18: 0 | BP18: 0 | BQ18: 0 | BR18: 0 | BS18: 0 | BT18: 0 | BU18: 0 | BV18: 0 | BW18: 0 | BX18: 0 | BY18: 0 | BZ18: 0 | CA18: 0 | CB18: 0 | CC18: 0 | CD18: 0 | CE18: 0 | CF18: 0 | CG18: IPAH/HPAH | CH18: bf0000459 | CI18: IPAH/HPAH | CJ18: b1697 | CK18: 王茹 | CL18: 42272 | CM18: IPAH，APVT阳性 | CN18: 2 | CO18: 23 | CP18: 0 | CQ18: 3 | CR18: 47 | CS18: 162 | CT18: 1.49 | CU18: 53 | CV18: 102 | CW18: 75 | CX18: 78 | CY18: 13 | CZ18: 44 | DA18: 9 | DB18: 4.19 | DC18: 3.49 | DD18: 8.46 | DE18: 71.4 | DF18: 王茹 | DG18: 1 | DH18: 1901 | DI18: 0 | DJ18: 0 | DK18: 0 | DL18: 0 | DM18: 0 | DN18: 0 | DO18: 0 | DP18: 0 | DQ18: 43829 | DR18: 2 | DS18: 0 | DT18: 1 | DU18: 0 | DV18: 1 | DW18: 0 | DX18: 0 | DY18: 0 | DZ18: 0 | EA18: 0 | EB18: 0 | EC18: 0 | ED18: 1 | EE18: 1 | EG18: BF0002860
A19: GDM20230502-V_TAGATCGC | B19: 2022年11月 | C19: B9 | D19: BF0003334E3 | E19: 4号冰箱#1-1-2-1 | F19: No T4PNK treatment | G19: TRUE | H19: FALSE | I19: GDM20230502-V_TAGATCGC | J19: G2800 | K19: 肺动脉高压 | L19: 北京协和医院 | M19: 荆志成 | N19: Plasma | O19: 0 | P19: 0 | Q19: S97 | R19: TAGATCGC | S19: 0 | T19: LXY | U19: 20230427 | V19: 5.14 | W19: 5.8365759 | X19: 30 | Y19: 180 | Z19: 20230502 | AA19: V | AB19: Nova-seq | AC19: 0 | AD19: 海普洛斯 | AE19: 2022.11.11 | AF19: bf0003334e3 | AG19: bf0003334 | AH19: IPAH/HPAH | AI19: 原发性肺动脉高压(特发性),心脏扩大,心功能Ⅲ级 | AJ19: 2 | AK19: 43 | AL19: 340 | AM19: 2 | AN19: 40 | AO19: 150 | AP19: 1.4 | AQ19: 17.78 | AR19: 119 | AS19: 81 | AT19: 75 | AU19: 8 | AV19: 46 | AW19: 11 | AX19: 2.28 | AY19: 1.63 | AZ19: 15.35 | BA19: 59.7 | BB19: 981.2 | BC19: 63 | BD19: 3.29 | BE19: 104.17 | BF19: 85 | BG19: 114 | BH19: 55 | BI19: 1 | BJ19: 55 | BK19: 4 | BL19: 1 | BM19: 0 | BN19: 0 | BO19: 0 | BP19: 0 | BQ19: 1 | BR19: 0 | BS19: 0 | BT19: 0 | BU19: 0 | BV19: 0 | BW19: 1 | BX19: 1 | BY19: 0 | BZ19: 1 | CA19: 1 | CB19: 0 | CC19: 0 | CD19: 1 | CE19: 1 | CF19: 0 | CG19: IPAH/HPAH | CH19: bf0003334 | CI19: IPAH/HPAH | CJ19: b495 | CK19: 李芬 | CL19: 42907 | CM19: 原发性肺动脉高压(特发性),心脏扩大,心功能Ⅲ级 | CN19: 2 | CO19: 43 | CP19: 340 | CQ19: 2 | CR19: 40 | CS19: 150 | CT19: 1.4 | CU19: 0 | CV19: 119 | CW19: 81 | CX19: 75 | CY19: 8 | CZ19: 46 | DA19: 11 | DB19: 2.28 | DC19: 1.63 | DD19: 15.35 | DE19: 59.7 | DF19: 李芬 | DG19: 0 | DH19: 981.2 | DI19: 0 | DJ19: 63 | DK19: 3.29 | DL19: 1 | DM19: 55 | DN19: 0 | DO19: 1 | DP19: 43439 | DQ19: 0 | DR19: 4 | DS19: 1 | DT19: 0 | DU19: 0 | DV19: 0 | DW19: 0 | DX19: 1 | DY19: 0 | DZ19: 0 | EA19: 0 | EB19: 0 | EC19: 0 | ED19: 1 | EE19: 1 | EG19: BF0000623
A20: GDM20230502-V_CTCTCTAT | B20: 2022年11月 | C20: C1 | D20: BF0001995E4 | E20: 4号冰箱#1-1-2-1 | F20: No T4PNK treatment | G20: TRUE | H20: FALSE | I20: GDM20230502-V_CTCTCTAT | J20: G2801 | K20: 肺动脉高压 | L20: 北京协和医院 | M20: 荆志成 | N20: Plasma | O20: 0 | P20: 0 | Q20: S98 | R20: CTCTCTAT | S20: 0 | T20: LXY | U20: 20230427 | V20: 6.06 | W20: 4.950495 | X20: 30 | Y20: 180 | Z20: 20230502 | AA20: V | AB20: Nova-seq | AC20: 0 | AD20: 海普洛斯 | AE20: 2022.11.11 | AF20: bf0001995e4 | AG20: bf0001995 | AH20: IPAH/HPAH | AI20: 特发性肺动脉高压,心脏扩大,心功能III级(NYHA分级) | AJ20: 2 | AK20: 23 | AL20: #NULL! | AM20: 2 | AN20: 69 | AO20: 183 | AP20: 1.96 | AQ20: 25.97 | AR20: 93 | AS20: 60 | AT20: 93 | AU20: 3 | AV20: 71 | AW20: 7 | AX20: 3.03 | AY20: 1.55 | AZ20: 21.12 | BA20: 62.4 | BB20: 6524 | BC20: 56.55 | BD20: 5.5 | BE20: 126.2 | BF20: 68 | BG20: 81 | BH20: 73 | BI20: 0 | BJ20: 56 | BK20: 3 | BL20: 0 | BM20: 0 | BN20: 1 | BO20: 0 | BP20: 0 | BQ20: 1 | BR20: 0 | BS20: 1 | BT20: 0 | BU20: 0 | BV20: 1 | BW20: 1 | BX20: 1 | BY20: 0 | BZ20: 3 | CA20: 1 | CB20: 1 | CC20: 1 | CD20: 2 | CE20: 2 | CF20: 2 | CG20: IPAH/HPAH | CH20: bf0001995 | CI20: IPAH/HPAH | CJ20: b2604 | CK20: 丁清丽 | CL20: 42686 | CM20: 特发性肺动脉高压,心脏扩大,心功能III级(NYHA分级) | CN20: 2 | CO20: 23 | CP20: 540 | CQ20: 2 | CR20: 69 | CS20: 183 | CT20: 1.96 | CU20: 0 | CV20: 93 | CW20: 60 | CX20: 93 | CY20: 3 | CZ20: 71 | DA20: 7 | DB20: 3.03 | DC20: 1.55 | DD20: 21.12 | DE20: 62.4 | DF20: 丁清丽 | DG20: 0 | DH20: 6524 | DI20: 0 | DJ20: 56.55 | DK20: 5.5 | DL20: 0 | DM20: 56 | DN20: 0 | DO20: 0 | DP20: 0 | DQ20: 43817 | DR20: 3 | DS20: 0 | DT20: 0 | DU20: 1 | DV20: 0 | DW20: 0 | DX20: 1 | DY20: 0 | DZ20: 1 | EA20: 0 | EB20: 0 | EC20: 1 | ED20: 1 | EE20: 1 | EG20: BF0002029
A21: GDM20230502-V_AGAGTAGA | B21: 2022年11月 | C21: C2 | D21: BF0003671E2 | E21: 4号冰箱#1-1-2-1 | F21: No T4PNK treatment | G21: TRUE | H21: FALSE | I21: GDM20230502-V_AGAGTAGA | J21: G2802 | K21: 肺动脉高压 | L21: 北京协和医院 | M21: 荆志成 | N21: Plasma | O21: 0 | P21: 0 | Q21: S99 | R21: AGAGTAGA | S21: 0 | T21: LXY | U21: 20230427 | V21: 6.24 | W21: 4.8076923 | X21: 30 | Y21: 180 | Z21: 20230502 | AA21: V | AB21: Nova-seq | AC21: 0 | AD21: 海普洛斯 | AE21: 2022.11.11 | AF21: bf0003671e2 | AG21: bf0003671 | AH21: IPAH/HPAH | AI21: 特发性肺动脉高压 | AJ21: 2 | AK21: 9 | AL21: 0 | AM21: 0 | AN21: 0 | AO21: 0 | AP21: 0 | AQ21: 0 | AR21: 0 | AS21: 0 | AT21: 0 | AU21: 0 | AV21: 0 | AW21: 0 | AX21: 0 | AY21: 0 | AZ21: 0 | BA21: 0 | BB21: 0 | BC21: 0 | BD21: 0 | BE21: 0 | BF21: 0 | BG21: 0 | BH21: 0 | BI21: 0 | BJ21: 0 | BK21: 0 | BL21: 0 | BM21: 0 | BN21: 0 | BO21: 0 | BP21: 0 | BQ21: 0 | BR21: 0 | BS21: 0 | BT21: 0 | BU21: 0 | BV21: 0 | BW21: 0 | BX21: 0 | BY21: 0 | BZ21: 0 | CA21: 0 | CB21: 0 | CC21: 0 | CD21: 0 | CE21: 0 | CF21: 0 | CG21: IPAH/HPAH | CH21: bf0003671 | CI21: IPAH/HPAH | CJ21: b367 | CK21: 赵梓轶 | CL21: 42973 | CM21: 特发性肺动脉高压 | CN21: 2 | CO21: 9 | CP21: 0 | CQ21: 0 | CR21: 30 | CS21: 143 | CT21: 1.23 | CU21: 0 | CV21: 115 | CW21: 67 | CX21: 104 | CY21: 6 | CZ21: 35 | DA21: 11 | DB21: 5.67 | DC21: 4.61 | DD21: 4.23 | DE21: 81.1 | DF21: 赵梓轶 | DG21: 0 | DH21: 0 | DI21: 0 | DJ21: 0 | DK21: 0 | DL21: 0 | DM21: 0 | DN21: 0 | DO21: 0 | DP21: 0 | DQ21: 0 | DR21: 0 | DS21: 0 | DT21: 0 | DU21: 0 | DV21: 0 | DW21: 0 | DX21: 0 | DY21: 0 | DZ21: 0 | EA21: 0 | EB21: 0 | EC21: 0 | ED21: 0 | EE21: 0 | EG21: BF0002007
A22: GDM20230502-V_AGCGTAGC | B22: 2022年11月 | C22: C3 | D22: BF0003467E1 | E22: 4号冰箱#1-1-2-1 | F22: No T4PNK treatment | G22: TRUE | H22: FALSE | I22: GDM20230502-V_AGCGTAGC | J22: G2803 | K22: 肺动脉高压 | L22: 北京协和医院 | M22: 荆志成 | N22: Plasma | O22: 0 | P22: 0 | Q22: S25 | R22: AGCGTAGC | S22: 0 | T22: LXY | U22: 20230427 | V22: 9.22 | W22: 3.2537961 | X22: 30 | Y22: 180 | Z22: 20230502 | AA22: V | AB22: Nova-seq | AC22: 0 | AD22: 海普洛斯 | AE22: 2022.11.11 | AF22: bf0003467e1 | AG22: bf0003467 | AH22: IPAH/HPAH | AI22: 特发性肺动脉高压,慢性肺源性心脏病,心脏扩大,心功能III级(NYHA分级),子宫良性肿瘤 | AJ22: 2 | AK22: 38 | AL22: 330 | AM22: 2 | AN22: 47 | AO22: 154 | AP22: 1.51 | AQ22: 19.82 | AR22: 90 | AS22: 49 | AT22: 71 | AU22: 3 | AV22: 72 | AW22: 7 | AX22: 3.4 | AY22: 2.25 | AZ22: 19.12 | BA22: 70.8 | BB22: 613 | BC22: 50.58 | BD22: 4.71 | BE22: 117.83 | BF22: #NULL! | BG22: #NULL! | BH22: #NULL! | BI22: 0 | BJ22: 65 | BK22: 2 | BL22: 0 | BM22: 1 | BN22: 0 | BO22: 0 | BP22: 0 | BQ22: 1 | BR22: 1 | BS22: 0 | BT22: 0 | BU22: 0 | BV22: 0 | BW22: 0 | BX22: 0 | BY22: 0 | BZ22: 2 | CA22: 1 | CB22: 1 | CC22: 0 | CD22: 2 | CE22: 1 | CF22: 1 | CG22: IPAH/HPAH | CH22: bf0003467 | CI22: IPAH/HPAH | CJ22: b1949 | CK22: 曹永玲 | CL22: 42944 | CM22: 特发性肺动脉高压,慢性肺源性心脏病,心脏扩大,心功能III级(NYHA分级),子宫良性肿瘤 | CN22: 2 | CO22: 38 | CP22: 330 | CQ22: 2 | CR22: 47 | CS22: 154 | CT22: 1.51 | CU22: 0 | CV22: 90 | CW22: 49 | CX22: 71 | CY22: 3 | CZ22: 72 | DA22: 7 | DB22: 3.4 | DC22: 2.25 | DD22: 19.12 | DE22: 70.8 | DF22: 曹永玲 | DG22: 0 | DH22: 613 | DI22: 0 | DJ22: 50.58 | DK22: 4.71 | DL22: 0 | DM22: 65 | DN22: 0 | DO22: 0 | DP22: 0 | DQ22: 43817 | DR22: 2 | DS22: 0 | DT22: 1 | DU22: 0 | DV22: 0 | DW22: 0 | DX22: 1 | DY22: 1 | DZ22: 0 | EA22: 0 | EB22: 0 | EC22: 0 | ED22: 0 | EE22: 0 | EG22: BF0001050
A23: GDM20230502-V_TCGCCTTA | B23: 2022年11月 | C23: C4 | D23: BF0005110E4 | E23: 4号冰箱#1-1-2-1 | F23: No T4PNK treatment | G23: TRUE | H23: FALSE | I23: GDM20230502-V_TCGCCTTA | J23: G2804 | K23: 肺动脉高压 | L23: 北京协和医院 | M23: 荆志成 | N23: Plasma | O23: 0 | P23: 0 | Q23: S37 | R23: TCGCCTTA | S23: 0 | T23: LXY | U23: 20230427 | V23: 4.38 | W23: 6.8493151 | X23: 30 | Y23: 180 | Z23: 20230502 | AA23: V | AB23: Nova-seq | AC23: 0 | AD23: 海普洛斯 | AE23: 2022.11.11 | AF23: bf0005110e4 | AG23: bf0005110 | AH23: IPAH/HPAH | AI23: 特发性肺动脉高压,心脏扩大,卵圆孔未闭,心功能III级(NYHA分级),高血压 | AJ23: 2 | AK23: 50 | AL23: #NULL! | AM23: 2 | AN23: 55 | AO23: 165 | AP23: 1.68 | AQ23: 20.2 | AR23: 106 | AS23: 65 | AT23: 88 | AU23: 4 | AV23: 64 | AW23: 11 | AX23: 3.26 | AY23: 1.94 | AZ23: 16.24 | BA23: 56.5 | BB23: 4910 | BC23: 79.9 | BD23: 7.77 | BE23: 74.41 | BF23: 62 | BG23: 95 | BH23: 51 | BI23: 0 | BJ23: 71 | BK23: 2 | BL23: 0 | BM23: 1 | BN23: 0 | BO23: 0 | BP23: 0 | BQ23: 1 | BR23: 0 | BS23: 0 | BT23: 0 | BU23: 1 | BV23: 0 | BW23: 1 | BX23: 1 | BY23: 0 | BZ23: 2 | CA23: 1 | CB23: 0 | CC23: 1 | CD23: 1 | CE23: 2 | CF23: 1 | CG23: IPAH/HPAH | CH23: bf0005110 | CI23: IPAH/HPAH | CJ23: b1534 | CK23: 邢秀芬 | CL23: 43243 | CM23: 特发性肺动脉高压,心脏扩大,卵圆孔未闭,心功能III级(NYHA分级),高血压 | CN23: 2 | CO23: 50 | CP23: #NULL! | CQ23: 2 | CR23: 55 | CS23: 165 | CT23: 1.68 | CU23: 0 | CV23: 106 | CW23: 65 | CX23: 88 | CY23: 4 | CZ23: 64 | DA23: 11 | DB23: 3.26 | DC23: 1.94 | DD23: 16.24 | DE23: 56.5 | DF23: 邢秀芬 | DG23: 0 | DH23: 4910 | DI23: 0 | DJ23: 79.9 | DK23: 7.77 | DL23: 0 | DM23: 71 | DN23: 0 | DO23: 0 | DP23: 0 | DQ23: 43818 | DR23: 2 | DS23: 0 | DT23: 1 | DU23: 0 | DV23: 0 | DW23: 0 | DX23: 1 | DY23: 0 | DZ23: 0 | EA23: 0 | EB23: 1 | EC23: 0 | ED23: 1 | EE23: 1 | EG23: BF0001651
